"External Id","Present","AEA","Present + AEA","Authorised absences","Unauthorised absences","Possible","Unexplained absences","Late before reg","Late after reg","Late (both)","Total Minutes Late (Attendance)","Missing","Attendance not required"
49fe4342-ec1b-4a93-8ad2-c9211289a6cc,311,0,311,5,0,316,0,0,0,0,0,0,236
161503cb-e495-4bfc-a036-d2bc4cc59efe,307,0,307,9,0,316,0,0,0,0,0,0,236
3fedc9de-76e0-48d4-a0a4-d9a1570a9be9,291,0,291,23,2,316,1,0,1,1,0,0,236
608c184c-b9d2-493d-9e37-afc170194a9d,305,0,305,10,1,316,0,1,0,1,7,0,236
a925c7eb-86bc-40d7-91fd-f3fcbf6a2f2b,305,0,305,9,2,316,0,0,1,1,0,0,236
a2fe23a8-72d0-48ca-895d-ad5558f9369d,309,0,309,7,0,316,0,0,0,0,0,0,236
1ce7e845-1d29-4370-af6c-cdace210ad82,299,0,299,16,1,316,1,0,0,0,0,0,236
648b4039-c3fc-4cf7-9053-cc3019abe4a7,298,0,298,14,4,316,3,0,0,0,0,0,236
2d273ddb-312d-4dd8-bb47-a6b3ac878f50,297,0,297,18,1,316,0,0,0,0,0,0,236
b39a4a7c-2b08-43c2-a649-fe08d4f97290,298,0,298,12,6,316,1,1,1,2,6,0,236
d93fe36e-c300-46f4-8ae3-270473e74174,303,0,303,10,3,316,0,0,1,1,0,0,236
ce64a421-4fe2-43b8-abbd-1603c596f253,314,0,314,2,0,316,0,0,0,0,0,0,236
2b3fcd6f-5965-4369-986e-dfb6729025fd,295,0,295,20,1,316,0,1,0,1,5,0,236
4cef2a66-2ac3-42f8-ac92-97cd0a51aad7,297,0,297,13,6,316,1,2,1,3,16,0,236
e5a0f86f-afbf-425f-827e-5634db8baa5f,299,0,299,17,0,316,0,1,0,1,9,0,236
037bb41d-68b7-4a3f-aa14-7f177c9d4758,293,0,293,16,7,316,0,2,1,3,32,0,236
a3e88d83-e1e9-42ef-8595-6620cd1e6874,304,0,304,7,5,316,1,0,0,0,0,0,236
64d85d39-d0b0-46b5-ab01-411fb26e4a17,301,0,301,8,7,316,2,0,0,0,0,0,236
3bd9817b-a0a4-4037-9151-cba708dad227,299,0,299,14,3,316,1,1,0,1,30,0,236
2cba6e52-37a4-4ab3-8b7d-2d82513886ce,305,0,305,5,6,316,1,2,0,2,16,0,236
5ab0c525-fab6-4d4e-bcab-56cac8267bf5,295,0,295,15,6,316,1,0,0,0,0,0,236
bd5b8987-9d4d-41db-bd91-6346a50796fe,304,0,304,8,4,316,2,0,1,1,0,0,236
1ad5d9fd-0bbd-4caa-a65f-9c418bd8ddab,302,0,302,13,1,316,0,0,0,0,0,0,236
1b2f8a7f-02fc-4a8c-a96b-0a5e868af2db,306,0,306,9,1,316,0,3,0,3,46,0,236
5f1a9534-f06f-49c4-989d-743d142189fd,0,0,0,0,0,316,0,0,0,0,0,316,236
d6615608-d3c2-4c9b-b507-1553e08493ca,302,0,302,9,5,316,4,0,1,1,0,0,236
157d9047-9881-4d81-8fb4-7f21c269435a,285,0,285,15,16,316,1,0,0,0,0,0,236
6a75a947-2693-49d2-bd0e-9a9833b92664,302,0,302,13,1,316,0,1,0,1,8,0,236
3888fbab-296f-4323-9208-07a0cb18f264,311,0,311,3,2,316,2,0,0,0,0,0,236
4632bac7-3f3c-4fa1-8026-587b55c0fe3a,302,0,302,10,4,316,3,52,1,53,593,0,236
dd0cb274-e02f-45d0-ad33-9860da9a7cca,264,0,264,48,4,316,3,0,0,0,0,0,236
63d36ca1-487f-4c98-83c2-7615d7155920,293,0,293,14,9,316,4,0,0,0,0,0,236
2ccc880a-c670-4c7a-a22e-7fa268f39546,308,0,308,6,2,316,1,0,0,0,0,0,236
95bba9ff-65a8-468c-843a-7a350238c10c,290,0,290,22,4,316,2,0,1,1,0,0,236
69e020ba-ca07-49f6-8c37-f588c660f8f7,296,0,296,18,2,316,0,0,0,0,0,0,236
b3458f5a-193b-4e7c-85cf-94cd17643fc4,306,0,306,6,4,316,2,2,0,2,24,0,236
bc152078-05d6-438f-b2bd-30ba0847f5a4,294,0,294,19,3,316,1,1,0,1,18,0,236
7dbd1f98-38ae-49fd-8a1b-094de0c93fb2,304,0,304,5,7,316,5,2,0,2,31,0,236
5d5ccf43-3d5c-453b-8a53-a8c012db57cf,298,0,298,14,4,316,1,0,1,1,0,0,236
e3fc4d97-5bfa-4cf8-9497-820ea352d6fb,295,0,295,14,7,316,2,1,1,2,5,0,236
0954cd49-4d48-41e5-b25c-b377db105824,306,0,306,8,2,316,2,1,0,1,6,0,236
fb9b9311-68aa-4d9d-947e-a440975e46f2,312,0,312,4,0,316,0,0,0,0,0,0,236
7393d985-253c-4755-8d78-d0a693c3f500,264,0,264,52,0,316,0,0,0,0,0,0,236
01d9896c-2f50-4255-9a5f-4eef188662cc,297,0,297,17,2,316,1,0,0,0,0,0,236
de696cfa-1da5-43e4-b6dd-df46adc07f27,309,0,309,5,2,316,0,0,0,0,0,0,236
d4f771a3-8389-4621-aeb3-4a4720e6b1d9,310,0,310,5,1,316,0,1,0,1,5,0,236
bbf2075a-a087-4121-890f-5f6b3fd05c0c,298,0,298,12,6,316,1,0,1,1,0,0,236
7f0f0ad6-a72f-46f3-8f5c-1c5d20286f51,312,0,312,4,0,316,0,0,0,0,0,0,236
b6a1ed27-b09a-42b8-9a24-69257b430587,237,0,237,63,16,316,8,0,1,1,0,0,236
d2e6c843-c1cb-4d45-9309-e723a40a9cf9,301,0,301,12,3,316,1,0,0,0,0,0,236
6989143b-a484-432e-90d9-9c5fa9c1715e,296,0,296,14,6,316,1,2,0,2,24,0,236
d615a67e-ec65-4a09-a22b-09c61387ed61,307,0,307,5,4,316,2,0,0,0,0,0,236
4e2c4579-e4d5-4967-8815-88fc78eb60a8,300,0,300,12,4,316,0,0,2,2,0,0,236
4dad71ca-f415-46b9-8fa0-fb16e4c096d6,309,0,309,4,3,316,1,0,0,0,0,0,236
487481a8-1db8-4d59-a97e-38b67d53bada,294,0,294,21,1,316,0,0,0,0,0,0,236
ef98fb52-91dc-4b31-983b-7cbf97a7a4e9,298,0,298,18,0,316,0,2,0,2,30,0,236
62c32406-a128-40fa-89d6-c7686064a786,302,0,302,12,2,316,2,0,0,0,0,0,236
e6838328-c5e2-44e9-bfcd-ed2e072d5c7e,302,0,302,8,6,316,0,0,3,3,0,0,236
d292b2d6-34f6-44ab-987e-82f8ba39579f,309,0,309,6,1,316,0,0,0,0,0,0,236
c975e967-3149-4cf3-9afa-6c8fcc8b40e6,278,0,278,32,6,316,3,1,1,2,12,0,236
e7bf9267-e162-44d0-87e5-09bc233e9b16,295,0,295,19,2,316,0,1,0,1,32,0,236
0a1e948b-3e77-43c2-8e77-b93b6f409a25,302,0,302,10,4,316,0,0,3,3,0,0,236
d99287e3-606f-489c-be0f-f3661bb2678a,299,0,299,15,2,316,0,0,1,1,0,0,236
2b709ed5-12a5-46c1-94e0-d45cfda049ae,0,0,0,0,0,316,0,0,0,0,0,316,236
39cb65f8-1e6d-4726-9fae-c204be4b2d9a,305,0,305,8,3,316,0,0,0,0,0,0,236
86cab069-9a0b-4bec-b958-9240305c6574,301,0,301,12,3,316,0,1,0,1,12,0,236
19ccff72-aee7-4255-b326-e2938de27465,297,0,297,16,3,316,0,3,0,3,49,0,236
ffc5b7d0-ea87-414b-88b3-9d8a992dc896,272,0,272,43,1,316,0,1,0,1,26,0,236
cba0041c-b8c7-442a-8226-6a019c9ea482,279,0,279,34,3,316,0,0,1,1,0,0,236
fefed788-5d98-42d4-90f2-9154320d5d53,305,0,305,7,4,316,0,0,0,0,0,0,236
9727ac17-4e1d-4a8b-a25a-b4afee33e36a,273,0,273,41,2,316,1,0,1,1,0,0,236
7e2c4413-985f-4ae5-8fcc-21aea372e565,297,0,297,17,2,316,1,2,0,2,30,0,236
e9fe5309-d8d4-4c31-b9c5-819b0b32d8c3,296,0,296,17,3,316,0,0,1,1,0,0,236
ddecca8c-1640-46e8-aedc-5926c95de2b0,302,0,302,11,3,316,0,0,2,2,0,0,236
720a94f3-68fd-45bd-8dd1-b078c903eda4,300,0,300,8,8,316,2,1,3,4,22,0,236
78b01742-316d-44aa-9106-481f0ac27508,295,0,295,17,4,316,0,0,1,1,0,0,236
c1374e05-dfc6-4aa1-b5d3-5e24336c9683,300,0,300,15,1,316,0,0,1,1,0,0,236
fe743646-b8fb-451e-b6b0-1763bb584401,294,0,294,20,2,316,0,2,0,2,37,0,236
1499eca5-80f2-468f-80ab-aa422db3cd0f,308,0,308,6,2,316,0,0,2,2,0,0,236
d3a81557-6353-4285-a13c-1c0295845264,299,0,299,12,5,316,0,2,2,4,36,0,236
260e4191-7c4b-4d76-85e6-05874fc0c219,300,0,300,13,3,316,0,0,0,0,0,0,236
b6a236bb-f429-4c9c-b2d7-3fbdcef29b4b,312,0,312,4,0,316,0,1,0,1,12,0,236
2cc095b8-85b8-4932-9061-6e29b598124f,293,0,293,22,1,316,0,1,0,1,5,0,236
9c9e0e99-28f1-4176-9ba8-8aef2bc6958d,300,0,300,13,3,316,0,0,1,1,0,0,236
76537af0-05cf-4f11-8742-9492034127f9,305,0,305,9,2,316,1,1,0,1,8,0,236
6e46b55a-742d-4d05-b097-abcec23f7b58,300,0,300,16,0,316,0,0,0,0,0,0,236
0f5307cb-0560-410f-84a2-0d1c1d4627ce,311,0,311,4,1,316,0,0,0,0,0,0,236
e0a19578-d2c5-48fa-a2a2-951989ef2d08,0,0,0,0,0,316,0,0,0,0,0,316,236
0be24a6a-179e-4ade-a5f9-15bee0456697,294,0,294,19,3,316,0,1,0,1,5,0,236
d7eac8f0-b8c3-4932-b13a-08959ec08cc4,290,0,290,21,5,316,1,2,1,3,23,0,236
d1957beb-8018-4de2-ab52-a5c8098d1978,303,0,303,8,5,316,1,1,0,1,10,0,236
345707e8-a311-4adf-a849-b2b3eecb4bc2,309,0,309,5,2,316,0,0,0,0,0,0,236
de416fe5-2ec5-451a-ae62-22bb28ce38e4,307,0,307,8,1,316,0,1,0,1,16,0,236
893786db-cb70-4bac-a96b-9f0f45ee95ee,307,0,307,5,4,316,0,0,1,1,0,0,236
8904b956-69d4-478d-bdce-d1d6afec2c27,311,0,311,4,1,316,0,0,0,0,0,0,236
71b720f8-a109-4ce0-8cd3-4a962bc9dd72,282,0,282,28,6,316,1,0,1,1,0,0,236
b504947f-4044-40a1-9146-d03abd8176cb,314,0,314,2,0,316,0,0,0,0,0,0,236
82be10f9-a9ec-4ec4-a268-ac40e8fe71c7,311,0,311,5,0,316,0,0,0,0,0,0,236
4d4bae5f-83fb-43dc-9121-ce0446803e07,302,0,302,14,0,316,0,0,0,0,0,0,236
960e8d4c-9bca-461c-8468-1980b2eeb83f,284,0,284,30,2,316,0,0,1,1,0,0,236
4c4b3c99-23a6-4724-a91c-59fa52005a38,286,0,286,27,3,316,0,2,1,3,30,0,236
de310400-2a32-46e4-bcc7-b4e188201ffb,299,0,299,16,1,316,0,0,1,1,0,0,236
fe231a91-0344-480b-8051-6372d6d22d47,302,0,302,13,1,316,0,1,0,1,7,0,236
6641c09f-5b98-4858-b451-eb2cd8bffe4d,300,0,300,14,2,316,0,0,1,1,0,0,236
6cd02d55-fbe1-4668-b859-0c94967667b4,297,0,297,14,5,316,0,0,1,1,0,0,236
a21f4971-2e89-4545-a1ae-98385b6de673,302,0,302,6,8,316,2,1,0,1,0,0,236
fa7a29e6-6265-4594-aa64-6753541af743,315,0,315,1,0,316,0,0,0,0,0,0,236
97df9ee2-e02f-4cfb-9bf0-e1634f94a527,304,0,304,9,3,316,0,0,2,2,0,0,236
c44e6058-bfb0-40e3-ac6a-d611124d89f4,0,0,0,0,0,316,0,0,0,0,0,316,236
f96688cb-ce15-40f3-aed8-fdbe51d0521a,299,0,299,16,1,316,0,0,0,0,0,0,236
b9cc3d55-0641-4d4c-8ed7-88e031f1472e,306,0,306,8,2,316,0,0,1,1,0,0,236
7fc599fb-c0a5-49c2-acf8-4e2e9a4fd2f9,306,0,306,10,0,316,0,0,0,0,0,0,236
671b3a70-dcc9-4151-9f1f-50dc5eea6845,268,0,268,45,3,316,0,0,1,1,0,0,236
e7800e5f-ac30-4441-af54-a17a58a2ed19,299,0,299,16,1,316,0,0,1,1,0,0,236
5f3fbc63-48eb-414b-a9c3-0adb37218777,307,0,307,7,2,316,0,1,0,1,10,0,236
c561c06b-3214-4707-a6ea-806bccde2cc8,294,0,294,19,3,316,1,2,1,3,39,0,236
b269251b-53f2-463b-a11d-ebe252320781,243,0,243,71,2,316,0,0,1,1,0,0,236
e317f6b9-6dc3-4baf-bc6d-aa8fb4dec7f5,316,0,316,0,0,316,0,0,0,0,0,0,236
ceba35ce-0778-425f-b157-402e3a4eb704,300,0,300,14,2,316,0,0,1,1,0,0,236
a44c48dd-15d9-4502-a1f4-f0477ebd17d4,310,0,310,5,1,316,0,0,0,0,0,0,236
7a967cd0-a9d8-4fd4-aeaa-7c262bde0971,303,0,303,13,0,316,0,0,0,0,0,0,236
4bfc4538-ca68-4b4a-a118-e2a00776be8e,301,0,301,12,3,316,1,1,2,3,20,0,236
5698e6ec-5a5f-4830-8f0b-7c6f703998a7,290,0,290,25,1,316,0,1,1,2,17,0,236
81b31dce-08e8-4b09-ace8-9810389f90f9,308,0,308,7,1,316,0,0,1,1,0,0,236
e002db1d-ae0c-4a70-8828-aa42c4f92aad,306,0,306,9,1,316,0,2,1,3,23,0,236
a2aa94b5-030b-440f-bede-80f4f31c4793,280,0,280,27,9,316,0,0,0,0,0,0,236
908059fb-c9c4-4c20-a5b8-b5b6a7e2215e,306,0,306,9,1,316,0,0,1,1,0,0,236
410a5191-045f-4a9b-bce1-e1b8163784a7,299,0,299,16,1,316,0,0,0,0,0,0,236
f5833aba-daa5-43cc-99f5-35ed1dbc151f,307,0,307,6,3,316,0,1,0,1,5,0,236
c71a4665-5eb8-4d5a-839c-62a18d642f83,298,0,298,16,2,316,0,0,1,1,0,0,236
da25de74-c5b0-45ad-b551-18b689c0bf11,0,0,0,0,0,316,0,0,0,0,0,316,236
3ec055cf-316a-4816-99ea-5476a2db70c5,303,0,303,11,2,316,0,0,2,2,0,0,236
b79113eb-9101-414e-a197-a98acea44f5b,302,0,302,13,1,316,0,1,1,2,5,0,236
79996b16-6b60-404c-93f7-905234ae2caa,283,0,283,33,0,316,0,0,0,0,0,0,236
2089f3fb-7dce-4b74-815b-0d1ab3f8a81b,307,0,307,9,0,316,0,0,0,0,0,0,236
8e7e7e9b-ce2b-43aa-b8ed-e2dd37dbeb15,289,0,289,25,2,316,0,0,2,2,0,0,236
f102d11a-43aa-4ffb-ba89-76022ebe9311,303,0,303,12,1,316,1,0,0,0,0,0,236
ecb5232b-4eba-4cc7-8c12-9b19a2986e25,289,0,289,26,1,316,0,1,1,2,32,0,236
94e42c77-7126-4a04-a131-2e33e4116d79,307,0,307,6,3,316,0,0,1,1,0,0,236
3ea4efb0-ff91-4c15-a27c-25a7b4982665,299,0,299,17,0,316,0,0,0,0,0,0,236
9f341d21-c505-4e98-9e36-31f4a1ba0912,298,0,298,16,2,316,0,0,0,0,0,0,236
8ab3fea9-474e-48d2-9fd9-5f5567531317,302,0,302,13,1,316,0,0,1,1,0,0,236
8925d131-1311-4b14-9f2d-dc4482e7fe4b,296,0,296,20,0,316,0,0,0,0,0,0,236
09620a14-e504-4535-bc97-6970d6807eb3,304,0,304,10,2,316,0,1,2,3,22,0,236
b886e221-c0d7-4814-861f-6b1c865a5871,289,0,289,25,2,316,0,0,2,2,0,0,236
43051ebe-7bbb-4ef1-bbb5-45661d55cc1f,296,0,296,20,0,316,0,1,0,1,8,0,236
235f6bfc-b0a7-4db7-8163-7e3622d4fd9f,289,0,289,24,3,316,0,0,2,2,0,0,236
2c81dfff-b267-4be1-869b-9693837a4c66,298,0,298,18,0,316,0,0,0,0,0,0,236
af94692a-8f5f-4fa5-aae7-197b6c37df63,295,0,295,21,0,316,0,1,0,1,34,0,236
d3022b3c-f116-46b1-83b6-35df37e52d3f,306,0,306,10,0,316,0,0,0,0,0,0,236
d188194c-c93b-43f0-ad26-f595909ce8a0,300,0,300,15,1,316,0,0,0,0,0,0,236
b5041b1c-0c88-46e6-a0df-1a38021b8b84,299,0,299,15,2,316,1,0,1,1,0,0,236
b4acbb22-964b-4845-a032-9f35ed20889c,306,0,306,10,0,316,0,0,0,0,0,0,236
5913875e-e1ad-482b-b9c2-42c952157c85,305,0,305,11,0,316,0,0,0,0,0,0,236
4fcc1521-88a4-4770-bfcf-ffbbda57d15e,301,0,301,15,0,316,0,0,0,0,0,0,236
ccd3be44-f926-4e77-b252-ec813415f07a,298,0,298,18,0,316,0,0,0,0,0,0,236
46b36863-c334-46bb-9a8f-dccb4bd88000,305,0,305,10,1,316,0,0,1,1,0,0,236
c56caad5-cd41-4c97-b7e5-60da18235284,300,0,300,16,0,316,0,0,0,0,0,0,236
09049859-11bf-420b-b5c1-df4925532931,283,0,283,30,3,316,0,0,2,2,0,0,236
da1745e4-c2f5-417b-9ab7-1251ea466180,298,0,298,16,2,316,0,1,0,1,18,0,236
ff648cb2-ec31-4e72-825d-4f7660a2e5cd,294,0,294,20,2,316,1,0,0,0,0,0,236
0d27a4b1-acb2-4300-b89a-6a1101905595,294,0,294,22,0,316,0,0,0,0,0,0,236
83808b2f-f5c1-4b63-af86-0e372e23d274,302,0,302,14,0,316,0,0,0,0,0,0,236
2fa1e329-6795-4566-bd11-748a9986b2ce,296,0,296,20,0,316,0,0,0,0,0,0,236
e374a594-2a9f-4a90-8f10-3e61d2431ec5,300,0,300,14,2,316,0,0,0,0,0,0,236
72f008ed-d664-4dff-b29c-e5aabbda3895,306,0,306,10,0,316,0,2,0,2,37,0,236
ee7dc54c-ee15-4eae-ad8b-5bb26e6c1e9e,289,0,289,26,1,316,0,0,1,1,0,0,236
ea6b48bd-3fc3-4be8-850e-1f2ce3dbf505,294,0,294,22,0,316,0,1,0,1,14,0,236
d6736725-9cfb-4b9a-88bb-f4978259e99d,302,0,302,13,1,316,0,0,1,1,0,0,236
3586bdd1-c1e0-42f3-b08e-276b465a9c61,302,0,302,14,0,316,0,0,0,0,0,0,236
c30ae87b-a51e-497c-bab6-007a097b1e4d,278,0,278,36,2,316,0,0,1,1,0,0,236
c2c445fb-9082-4946-9152-2eae5e46d7b6,307,0,307,6,3,316,0,0,3,3,0,0,236
75886d85-8d9f-4004-a7b8-65ed164edb58,314,0,314,2,0,316,0,0,0,0,0,0,236
544e738b-e8bb-4a92-9c03-0f650296a03b,302,0,302,14,0,316,0,1,0,1,5,0,236
25652b27-2bc9-4c11-bc18-8e1160f74304,294,0,294,22,0,316,0,1,0,1,10,0,236
f9c9d699-8200-43c4-98e2-cb5e25102c57,312,0,312,3,1,316,0,0,0,0,0,0,236
496e95fb-7e49-4926-85c3-d28fb0267fa9,293,0,293,22,1,316,1,0,0,0,0,0,236
228b4b06-53c0-425f-8e3d-34bbe0302c0e,300,0,300,16,0,316,0,2,0,2,22,0,236
fc7114ea-bc0d-45e8-aa5e-ffde69f7845a,0,0,0,0,0,316,0,0,0,0,0,316,236
a4ef342c-c9a3-4442-a550-1ea17463869f,301,0,301,15,0,316,0,0,0,0,0,0,236
d6d4a872-45a3-4134-b82c-83f3ab66bf8b,306,0,306,10,0,316,0,1,0,1,0,0,236
f036b158-8432-42a9-8320-70fd80f07c93,304,0,304,12,0,316,0,0,0,0,0,0,236
1e4a4ce7-a240-41b3-8f75-d6368068de6b,302,0,302,12,2,316,0,1,2,3,9,0,236
4797a572-f514-47c0-b9a6-ea68ed96860b,300,0,300,14,2,316,0,0,0,0,0,0,236
bde4a2e1-1f01-4f95-ae60-80ad5341f38e,312,0,312,4,0,316,0,0,0,0,0,0,236
d451f982-598b-4bbb-bda3-d86332d3b05e,298,0,298,18,0,316,0,0,0,0,0,0,236
95ebe4a2-4ed8-47f3-9449-c36ceae7e4bd,300,0,300,16,0,316,0,0,0,0,0,0,236
51302332-feb1-4415-a11f-b15258c30c25,303,0,303,12,1,316,0,0,0,0,0,0,236
6d928865-49e2-47e6-ae2a-f848e6534132,305,0,305,11,0,316,0,0,0,0,0,0,236
6d63fa65-181f-49da-89c5-c6aad3831d77,309,0,309,7,0,316,0,0,0,0,0,0,236
7b8f7615-fbe7-4f94-8529-25c0c5bfea97,301,0,301,15,0,316,0,0,0,0,0,0,236
b8e87842-4145-466b-a026-c1e95c1d954c,301,0,301,14,1,316,1,0,0,0,0,0,236
e9a99664-8099-4308-b514-9f7db2af11b1,300,0,300,16,0,316,0,0,0,0,0,0,236
4029accd-3203-45ed-bab6-67201f15d7a7,281,0,281,31,4,316,0,0,1,1,0,0,236
4a152ace-ef94-4cd0-be66-289072f93c99,298,0,298,18,0,316,0,0,0,0,0,0,236
19ae9edd-8135-46ef-a658-c0e6a18938a0,312,0,312,4,0,316,0,0,0,0,0,0,236
1484be91-cc0b-43d5-8411-eb7646813ee1,314,0,314,2,0,316,0,0,0,0,0,0,236
a255cb44-d26d-4b3b-aed8-6a1cf07940b3,299,0,299,15,2,316,0,0,0,0,0,0,236
6986d3ad-3e45-41e4-b03c-f414eee657df,301,0,301,14,1,316,0,0,1,1,0,0,236
ca73ea94-6425-40e0-835a-acc17d109240,0,0,0,0,0,316,0,0,0,0,0,316,236
ec2fbab6-fdf8-4aa7-a51b-257d71c8bf90,310,0,310,5,1,316,0,0,0,0,0,0,236
0f24932c-e619-40c8-976e-95af5c8587eb,303,0,303,12,1,316,0,1,1,2,10,0,236
d3739037-3436-4d81-95c5-9616b574b27e,303,0,303,13,0,316,0,0,0,0,0,0,236
17d24dd1-000d-4aee-8e4e-5e0f113424d8,307,0,307,9,0,316,0,0,0,0,0,0,236
1ee0ce1e-254a-4a7b-828d-3837623cd211,305,0,305,11,0,316,0,1,0,1,10,0,236
ceda3811-9699-4ef2-a467-bd6486d4432e,295,0,295,21,0,316,0,1,0,1,12,0,236
5d4a97a3-f802-4a36-b111-fb907486eace,298,0,298,18,0,316,0,0,0,0,0,0,236
96e762b4-743d-4899-998a-4e9118c4226d,315,0,315,1,0,316,0,0,0,0,0,0,236
0c1b8e55-3fb5-454f-8158-1e99072019ad,0,0,0,0,0,316,0,0,0,0,0,316,236
4489a0f9-657c-42ec-a9fe-ddcc5f93c09b,303,0,303,12,1,316,0,0,1,1,0,0,236
d57320cd-1148-4a48-a971-5e76fddb3667,300,0,300,16,0,316,0,0,0,0,0,0,236
1c46b233-7251-4f48-8f27-12a75996b944,296,0,296,19,1,316,1,0,0,0,0,0,236
0c219b38-cba8-429e-8a0a-a231a6ef78ae,298,0,298,16,2,316,0,0,0,0,0,0,236
cbc29837-5623-4523-bdb2-79f0694167f0,310,0,310,6,0,316,0,1,0,1,10,0,236
dfafa211-07c6-4dd7-9a50-38ee80dc0ff6,305,0,305,11,0,316,0,0,0,0,0,0,236
1e2067d6-7c58-4df3-bc2b-6f0f69aa04cb,301,0,301,15,0,316,0,0,0,0,0,0,236
ddd601ac-dd07-43ed-aa46-c870c2296455,310,0,310,6,0,316,0,0,0,0,0,0,236
89296d58-bc23-4f11-8642-1c297d991913,287,0,287,29,0,316,0,0,0,0,0,0,236
23c35983-14d7-4360-99c4-5326dd8718d9,295,0,295,21,0,316,0,0,0,0,0,0,236
d926d8c5-459e-4099-abb3-36c6c3951564,307,0,307,9,0,316,0,0,0,0,0,0,236
6da35f82-acc6-4510-a5b2-fd2e6e6fe004,299,0,299,16,1,316,0,1,1,2,9,0,236
c0bb22ca-a3ad-4901-96cb-edf75297aadd,300,0,300,14,2,316,0,0,0,0,0,0,236
63376d76-8f22-4771-9dd7-c93258f2d6b9,276,0,276,39,1,316,0,1,0,1,10,0,236
1cd26668-2ee6-43cd-8230-53bd3f0e6d35,303,0,303,12,1,316,0,1,1,2,9,0,236
c5894906-6632-4062-a0f7-6cc11eae856a,310,0,310,6,0,316,0,1,0,1,6,0,236
8d9e2575-61a8-47fc-9a9e-fe895809fc5b,304,0,304,12,0,316,0,0,0,0,0,0,236
35bae4ca-417e-4841-8e7e-18f9ff0cc435,289,0,289,27,0,316,0,1,0,1,14,0,236
59f5ab2a-b973-4bf7-8fff-b312e3941d3c,300,0,300,16,0,316,0,0,0,0,0,0,236
abc92385-cc4f-4fae-b892-362f122d0a91,303,0,303,13,0,316,0,1,0,1,8,0,236
7ea32438-9ce5-4ba9-bf59-66bd812f1283,303,0,303,13,0,316,0,1,0,1,3,0,236
da70026b-0154-4e2a-8aaf-57b2a7bdcc08,289,0,289,26,1,316,0,0,1,1,0,0,236
b3eddd58-5885-43a2-881f-44618deee5a9,293,0,293,21,2,316,0,0,0,0,0,0,236
ad4c5879-8766-43db-848c-75ea1af4d35e,299,0,299,16,1,316,0,0,1,1,0,0,236
505941db-1bcf-40ca-a18c-95009feeaff9,304,0,304,12,0,316,0,1,0,1,8,0,236
b8880fa2-b351-4207-b046-72c2ffa4b8dc,308,0,308,8,0,316,0,1,0,1,21,0,236
0cbd533d-0c04-4c0f-9f15-4f1a75a1068f,309,0,309,7,0,316,0,0,0,0,0,0,236
f47f3967-f2ea-4e4c-92f2-732c7b1ab0c8,305,0,305,11,0,316,0,0,0,0,0,0,236
c5774639-4ec8-45af-909a-355765744d3e,298,0,298,18,0,316,0,0,0,0,0,0,236
f5378181-4421-4b4c-a530-c6e771ae00a7,295,0,295,20,1,316,1,0,0,0,0,0,236
644f66c8-9ad0-4ef1-bcbc-0940466ff151,309,0,309,7,0,316,0,2,0,2,26,0,236
4da2eea3-a09d-45f0-ba21-5c37d4c8cbbf,308,0,308,7,1,316,0,1,0,1,0,0,236
a9ae35a1-90b9-4b99-9d1f-6811858a44c8,302,0,302,10,4,316,0,1,1,2,4,0,236
d927d927-3f7a-4e22-a85e-4beab152bb92,300,0,300,16,0,316,0,0,0,0,0,0,236
b43c4108-65ed-4431-8007-a4925a6554a7,296,0,296,20,0,316,0,2,0,2,17,0,236
ba7f7041-ae8d-47ed-9464-c0903b57358d,301,0,301,13,2,316,0,0,0,0,0,0,236
dcef1b8e-cb0b-45f6-af2f-8963242eb076,284,0,284,32,0,316,0,0,0,0,0,0,236
ac90ae02-4d17-4610-bcbc-45147040dfd4,297,0,297,19,0,316,0,0,0,0,0,0,236
8cb300da-1f1d-4d4c-9f2e-e889f7f962d1,296,0,296,20,0,316,0,0,0,0,0,0,236
794d6bf8-692c-49ac-8a14-bfb3a9eb971a,309,0,309,6,1,316,0,0,1,1,0,0,236
d455d847-01af-4499-a110-494a4408edb7,314,0,314,2,0,316,0,0,0,0,0,0,236
d93dae6e-5b62-450d-886c-4e9ba037e331,274,0,274,42,0,316,0,1,0,1,12,0,236
0837e5fd-12ef-4f15-b228-51f72e33c993,305,0,305,11,0,316,0,0,0,0,0,0,236
4f521a18-9455-48ef-8a82-a49dfab3ffc2,299,0,299,17,0,316,0,0,0,0,0,0,236
e9bdb7d0-539e-4f2c-89ca-31e6fa8771d9,300,0,300,16,0,316,0,0,0,0,0,0,236
a60f7b7d-18a7-4138-9ad7-4e57c1f5abcd,305,0,305,11,0,316,0,1,0,1,9,0,236
d2f152d8-f5e6-40b7-a40c-595c7a4bc8cc,315,0,315,1,0,316,0,0,0,0,0,0,236
5dd036bd-9d69-40b9-be84-b23fd3bb3de5,312,0,312,4,0,316,0,0,0,0,0,0,236
105175b8-1836-48d3-837f-efc8e9ec1446,314,0,314,1,1,316,0,0,0,0,0,0,236
34df0414-9be9-447b-94d3-5256591d7d88,298,0,298,18,0,316,0,1,0,1,6,0,236
c24e0e4a-b8f8-4389-8093-81332613c22a,311,0,311,3,2,316,0,0,0,0,0,0,236
bc6c905a-bee5-4858-8684-87a01992b664,313,0,313,3,0,316,0,0,0,0,0,0,236
47e6e93b-24d0-41d5-9875-6c52eacb4028,307,0,307,9,0,316,0,0,0,0,0,0,236
83e0b50b-0a70-4a1b-b806-ca119b2923e5,300,0,300,16,0,316,0,0,0,0,0,0,236
26d5d626-0d43-4abb-9f4d-37f76abf6312,295,0,295,21,0,316,0,1,0,1,15,0,236
102e57bf-c6f5-475f-aa57-1539360464b5,304,0,304,12,0,316,0,0,0,0,0,0,236
f3c8d821-af3a-4db1-a7fe-c3ea2f361581,301,0,301,15,0,316,0,1,0,1,0,0,236
d9ca40cc-86dd-4cfe-8ad1-aca6c896b3d3,301,0,301,15,0,316,0,1,0,1,5,0,236
9e81bcfe-985f-4856-bbd6-8e09aff29e8c,300,0,300,16,0,316,0,0,0,0,0,0,236
c08dbd2d-1119-49ad-bd65-cf06d4dfc669,299,0,299,15,2,316,0,1,0,1,20,0,236
768d51e7-e2b0-41a0-9e2d-83b082ab5c4b,305,0,305,11,0,316,0,0,0,0,0,0,236
f912e4e4-f7aa-4ded-88a2-27bc539f9550,295,0,295,21,0,316,0,1,0,1,12,0,236
a03864c6-49d0-4e80-9ecc-3d6e19327e76,299,0,299,17,0,316,0,0,0,0,0,0,236
415e8e43-6b2c-4e25-a6cb-0a75c0e7eb90,304,0,304,12,0,316,0,0,0,0,0,0,236
0cfad989-2431-491d-8e74-d58c26b7aaf5,305,0,305,11,0,316,0,1,0,1,0,0,236
50df1eb4-5181-48a0-819e-140dc200fdd8,308,0,308,8,0,316,0,0,0,0,0,0,236
6a9b305e-48ba-4857-80dd-a123f33d9218,301,0,301,14,1,316,0,1,1,2,5,0,236
63d09e71-59d7-4f7c-86b6-1fdb69a8dcc4,291,0,291,25,0,316,0,0,0,0,0,0,236
7033a730-ff56-419a-94d6-a9a377fe45f0,312,0,312,4,0,316,0,1,0,1,5,0,236
6112520d-d3b4-4a9e-9411-82cf0f0f536e,303,0,303,12,1,316,0,0,1,1,0,0,236
2e3b048b-7faf-444f-8f6f-59e6f28a3d13,291,0,291,24,1,316,0,0,0,0,0,0,236
37d07515-1daf-4e88-9a77-3f02b3adf592,303,0,303,13,0,316,0,0,0,0,0,0,236
1695b0ec-dddf-4d28-a1ac-f01c2ea3ab77,306,0,306,10,0,316,0,1,0,1,12,0,236
56ff59b7-4b51-499b-8112-60beaf0c50bb,297,0,297,19,0,316,0,0,0,0,0,0,236
e51f7d56-bc4b-47b4-b08f-99b1f02202ed,299,0,299,17,0,316,0,0,0,0,0,0,236
b336cee1-43bf-4120-9dda-7e67494fde69,303,0,303,13,0,316,0,1,0,1,5,0,236
a22150af-0014-4ba8-898b-0ecad0b3ece7,308,0,308,8,0,316,0,0,0,0,0,0,236
d3184bda-6e0c-4b95-8096-169cb2b84171,299,0,299,17,0,316,0,0,0,0,0,0,236
a40fdeab-4800-4b38-a961-ea3237a2d7b3,305,0,305,11,0,316,0,1,0,1,5,0,236
67d580b0-de66-487f-b46f-9a3459652d23,291,0,291,25,0,316,0,1,0,1,21,0,236
401fe2ff-f442-419d-8142-e5e0f8531932,313,0,313,3,0,316,0,0,0,0,0,0,236
40a7fc77-c805-4f8d-a8c3-b5a89aa13041,302,0,302,14,0,316,0,0,0,0,0,0,236
47144724-2bd3-4ba0-b121-7e5a8e692031,306,0,306,10,0,316,0,0,0,0,0,0,236
bc86f552-e405-40d4-83ee-c31c738a4b85,303,0,303,13,0,316,0,0,0,0,0,0,236
95eba53a-9d43-4af8-b468-13030f63886f,289,0,289,26,1,316,0,0,1,1,0,0,236
b9eb5779-a1fe-46b3-a053-227cc56235fd,316,0,316,0,0,316,0,0,0,0,0,0,236
4500f1a9-b1db-4646-bd94-58e2f2bcd70d,308,0,308,8,0,316,0,0,0,0,0,0,236
5216df40-c19b-4c4f-a27f-1f4c1b8c5990,0,0,0,0,0,316,0,0,0,0,0,316,236
9c1f5988-fabf-4213-b8fc-660518e3a1b1,308,0,308,8,0,316,0,0,0,0,0,0,236
5e718470-c856-45fc-bee1-a3690ebb4d23,294,0,294,22,0,316,0,0,0,0,0,0,236
b3b5f997-6604-4bc8-a9b4-a5c88eb45e8d,315,0,315,0,1,316,0,0,0,0,0,0,236
3615aa40-40eb-4784-814e-fe2d198fe14a,298,0,298,18,0,316,0,1,0,1,11,0,236
0d47e145-7dfa-4b87-82af-257c8dd90c24,312,0,312,4,0,316,0,0,0,0,0,0,236
cdaea3cc-3af5-46b1-9a03-415f29a7c074,301,0,301,15,0,316,0,0,0,0,0,0,236
985f84c8-9481-441e-a1ef-cd176b6dfdf8,306,0,306,10,0,316,0,1,0,1,15,0,236
a6dc5e37-f526-4262-afb3-0c9364e9c562,315,0,315,1,0,316,0,0,0,0,0,0,236
b98a3b58-f8a4-40d8-94fd-270e2b5eb1c7,301,0,301,15,0,316,0,0,0,0,0,0,236
ac667d87-f944-4426-9642-5ff4583a3089,307,0,307,9,0,316,0,1,0,1,5,0,236
00432f83-f175-4f10-8e9c-3acde32423b8,286,0,286,30,0,316,0,0,0,0,0,0,236
c34eb66e-038f-4ec5-810d-f2bca517b299,301,0,301,15,0,316,0,0,0,0,0,0,236
22ec2137-ee22-4a8e-8924-204326208885,315,0,315,1,0,316,0,0,0,0,0,0,236
36ddeba1-425f-4983-b926-b883e503de04,312,0,312,4,0,316,0,0,0,0,0,0,236
be25ae6a-6fa7-4f8c-95ab-fd314aa229a5,293,0,293,23,0,316,0,0,0,0,0,0,236
f4bb5f4b-7550-4cb0-aae3-4eab253715fd,302,0,302,14,0,316,0,0,0,0,0,0,236
12500b44-ff85-408c-8d9b-c6d91e6abfb7,310,0,310,6,0,316,0,2,0,2,44,0,236
310a62ea-5c35-438d-94c3-c53393af66d4,292,0,292,24,0,316,0,0,0,0,0,0,236
7ee9dc17-90ce-4df0-8460-bf78462c9401,300,0,300,16,0,316,0,0,0,0,0,0,236
a0129fbc-5cc9-46e5-844e-340a20e5dab9,301,0,301,14,1,316,0,0,0,0,0,0,236
8423b707-18c7-460c-a14f-7fb0478f184d,296,0,296,20,0,316,0,0,0,0,0,0,236
239f062a-5efe-47a5-a84b-3ddf7909144e,306,0,306,6,4,316,0,0,0,0,0,0,236
968c895f-ee44-4d83-b3e3-7a6308c52b36,308,0,308,8,0,316,0,1,0,1,23,0,236
0a0a361e-f95a-478f-98f9-7dc8bb73ac3b,296,0,296,20,0,316,0,3,0,3,64,0,236
abc398e1-b463-4929-8320-9546c60842c2,305,0,305,11,0,316,0,1,0,1,5,0,236
b47858a3-653d-43fe-93e4-d44c58c087c1,299,0,299,16,1,316,0,0,1,1,0,0,236
70676201-625b-4212-a20d-33b2a38b267c,296,0,296,20,0,316,0,0,0,0,0,0,236
64f7d0fa-a5cd-4a40-b72b-bd24efe13c0f,295,0,295,21,0,316,0,0,0,0,0,0,236
d9ed94ae-1979-49b3-a247-eeae7d8a3224,239,0,239,77,0,316,0,0,0,0,0,0,236
31da63ef-c18a-4a26-ae37-0f534283f7ce,303,0,303,13,0,316,0,0,0,0,0,0,236
d79546b5-7b12-47a4-b1e0-62ecede89526,298,0,298,18,0,316,0,0,0,0,0,0,236
739a7567-1cb5-46ee-9eed-ee93136ff9bc,303,0,303,13,0,316,0,0,0,0,0,0,236
273d456b-ebf7-47b7-ae11-7f22edc64a10,305,0,305,10,1,316,0,0,0,0,0,0,236
9ea63457-ba9c-4f6d-9236-707dba088b6c,296,0,296,17,3,316,0,0,1,1,0,0,236
a76f3856-4de3-4a88-8028-4789516399af,290,0,290,26,0,316,0,0,0,0,0,0,236
8a72fd21-fe37-42a4-89a7-eda2d4c88225,0,0,0,0,0,316,0,0,0,0,0,316,236
cf18fb52-01b4-45d7-b60e-68d0e274c045,293,0,293,22,1,316,1,0,0,0,0,0,236
7e7aee77-862e-4571-a6d0-83dc7fc53ff4,303,0,303,13,0,316,0,1,0,1,14,0,236
1119a55d-68f6-4ebd-ab3c-39c31dfd54b3,314,0,314,2,0,316,0,0,0,0,0,0,236
1a16ca07-da27-4d67-a886-898a6496dbec,313,0,313,3,0,316,0,0,0,0,0,0,236
947ac282-6993-4738-9ed1-2d6e019b39b8,292,0,292,23,1,316,1,0,0,0,0,0,236
7e1dda12-a486-4ce7-a423-94718442f65f,303,0,303,13,0,316,0,0,0,0,0,0,236
2c6fbd99-bddd-4b5d-8d4a-a4546f190e4f,289,0,289,27,0,316,0,1,0,1,8,0,236
6104a79f-edbd-43e5-a51a-0c81c5be5f74,304,0,304,12,0,316,0,1,0,1,14,0,236
7f4084b2-1723-48e7-ac8b-2feb451e1709,300,0,300,13,3,316,0,0,0,0,0,0,236
71158763-f2f2-410b-a803-2d86be808e91,315,0,315,1,0,316,0,0,0,0,0,0,236
518035da-3f30-4d9c-ac98-c25f60a20e04,305,0,305,10,1,316,0,0,1,1,0,0,236
271c7359-8914-4979-8b84-3cd5116ea91d,316,0,316,0,0,316,0,0,0,0,0,0,236
00068d2e-2280-48e6-a6a6-250bc16dd1a3,313,0,313,2,1,316,0,0,0,0,0,0,236
db78ac3c-da8b-4245-88f2-814802d86c6d,294,0,294,22,0,316,0,0,0,0,0,0,236
c36b79c4-1119-452c-b569-5a9205c87e36,314,0,314,2,0,316,0,0,0,0,0,0,236
ba6dd8bb-0a49-4d54-8674-b7648168031b,301,0,301,15,0,316,0,1,0,1,8,0,236
0d3798fb-6343-45c1-90af-a8a4b1e03a4d,301,0,301,14,1,316,1,0,0,0,0,0,236
dc0e4756-2816-4134-ae7b-cba65cb814c1,299,0,299,17,0,316,0,0,0,0,0,0,236
53d0bd69-402c-44fc-ad91-528c7a06999c,293,0,293,19,4,316,0,1,0,1,0,0,236
5522314c-8ec4-41ad-9b7f-b40e87f04615,304,0,304,12,0,316,0,0,0,0,0,0,236
7924e517-16b1-4bda-9d7d-0d048538b075,293,0,293,21,2,316,0,0,0,0,0,0,236
63246fee-03dd-4ff5-afda-32bfe37307c4,301,0,301,15,0,316,0,1,0,1,8,0,236
9704055a-7aac-4176-a50f-95c139eccf9d,0,0,0,0,0,316,0,0,0,0,0,316,236
4af207e3-4c31-4585-8d36-18e2bd6a04cf,308,0,308,8,0,316,0,0,0,0,0,0,236
82a0c18c-41b8-42a4-aea3-d02d99103a59,307,0,307,9,0,316,0,0,0,0,0,0,236
a01cb0af-ba86-4b92-a447-0c9fe8bdf1a6,292,0,292,24,0,316,0,0,0,0,0,0,236
76a248b0-ff76-4911-8883-b47b7a56a7f4,295,0,295,21,0,316,0,0,0,0,0,0,236
61eb90b9-9e29-47ec-83c6-1acb14bd89c3,299,0,299,17,0,316,0,1,0,1,8,0,236
8f614c51-70c8-4175-9a94-66c0f5c54ada,294,0,294,22,0,316,0,0,0,0,0,0,236
0f8ffa02-e4ce-45a7-99ed-713842fd2e99,296,0,296,19,1,316,0,1,0,1,0,0,236
56a43958-4a15-40b3-a56e-23c1269d6987,304,0,304,12,0,316,0,0,0,0,0,0,236
128febc8-8002-4737-a5df-bb4e29dc0e1c,299,0,299,17,0,316,0,0,0,0,0,0,236
1ad3e908-0e53-4dff-8137-0285cd2467cc,303,0,303,13,0,316,0,0,0,0,0,0,236
64236346-0ee4-4720-9cbf-e286b66bd72b,296,0,296,20,0,316,0,0,0,0,0,0,236
7ba8e7f9-f630-4ddc-9b48-738427958de2,307,0,307,9,0,316,0,0,0,0,0,0,236
29f0c84b-c172-4916-adee-469013a2a1d4,308,0,308,8,0,316,0,0,0,0,0,0,236
1e323e04-f64d-4b22-9fba-f3e514b33e1c,299,0,299,17,0,316,0,2,0,2,13,0,236
f2b1af78-4dbc-41e6-945a-96b0fbd3810e,304,0,304,12,0,316,0,0,0,0,0,0,236
455d54bd-1891-4676-8597-5adfec830f33,301,0,301,15,0,316,0,0,0,0,0,0,236
bf5fbf6d-4995-49e5-95e9-42528b50f298,298,0,298,18,0,316,0,0,0,0,0,0,236
5453e9ab-f64a-4708-b187-cc7dce1de5fe,296,0,296,16,4,316,2,0,0,0,0,0,236
c06e88e3-8e8f-4d01-8b39-5684bfded754,309,0,309,7,0,316,0,0,0,0,0,0,236
30d3d4db-d90b-4867-9636-3bd5e0350d65,300,0,300,16,0,316,0,0,0,0,0,0,236
ad3ee649-f617-4e08-8ca9-8b94f9c7b3b8,282,0,282,34,0,316,0,0,0,0,0,0,236
546db38b-9f54-467f-87ce-8b7d7de0a85f,305,0,305,11,0,316,0,0,0,0,0,0,236
0219ffd5-7e75-4b4d-8030-51111890f513,304,0,304,12,0,316,0,1,0,1,8,0,236
f52206d3-81f0-42ba-9c55-4684ebbfd254,284,0,284,32,0,316,0,3,0,3,60,0,236
5a2c2f57-af3c-4909-9465-7099fe68ef70,295,0,295,21,0,316,0,0,0,0,0,0,236
b14abfcf-0db8-46e0-b0af-77b618d1218d,299,0,299,17,0,316,0,0,0,0,0,0,236
0247f6c1-cce3-43c6-9407-a32d80f4a9b1,314,0,314,2,0,316,0,0,0,0,0,0,236
f7c5d000-ef0b-43a8-9975-c271d5e82844,308,0,308,8,0,316,0,1,0,1,8,0,236
c1be119a-964b-4510-9ebb-c510109d1a5e,306,0,306,10,0,316,0,0,0,0,0,0,236
a18c301d-2edc-4b07-8386-a07965a175d3,300,0,300,16,0,316,0,0,0,0,0,0,236
2850d24e-f75b-420e-a254-e38f2a34c038,0,0,0,0,0,316,0,0,0,0,0,316,236
331ad7ee-6222-41f3-be49-bf54203a3ac3,315,0,315,1,0,316,0,0,0,0,0,0,236
92f04118-d331-4c86-bf10-3fb2a469a1a3,300,0,300,16,0,316,0,0,0,0,0,0,236
87ba9eaa-cab8-4312-b7e6-ec524d22b862,288,0,288,28,0,316,0,0,0,0,0,0,236
48814e6c-e314-40c2-b998-f4a15ceeb532,299,0,299,17,0,316,0,0,0,0,0,0,236
132121e0-1e37-4a24-9a66-d4f972d89335,311,0,311,3,2,316,0,0,0,0,0,0,236
9f610902-cbac-4811-9e47-f2338550d73b,314,0,314,2,0,316,0,1,0,1,9,0,236
8c1b0cbb-c7f9-41fb-bdc3-d9535fcf6770,300,0,300,16,0,316,0,1,0,1,0,0,236
f5f2449a-366d-413b-9137-a743ddedfd22,299,0,299,17,0,316,0,1,0,1,8,0,236
b48ea283-fff2-442a-9d1e-2340e84dc415,315,0,315,1,0,316,0,0,0,0,0,0,236
374e7bbe-2671-4fae-9403-81c569535cd1,306,0,306,10,0,316,0,1,0,1,8,0,236
d4820234-951e-4644-9ab4-c7f402f9da41,298,0,298,18,0,316,0,0,0,0,0,0,236
4df33020-00bb-429f-a193-fb10f6da46d4,281,0,281,35,0,316,0,0,0,0,0,0,236
8b2a6719-e241-455a-b46c-b777788f483e,314,0,314,2,0,316,0,0,0,0,0,0,236
4caef352-a0dd-40e9-a0d3-193f0601a017,309,0,309,7,0,316,0,0,0,0,0,0,236
aaaa5d71-eb00-418a-8657-9a3822740fd6,309,0,309,7,0,316,0,0,0,0,0,0,236
9b142743-6cf0-4488-bc9e-73a960958779,298,0,298,18,0,316,0,0,0,0,0,0,236
e28c9e14-bcaf-4153-b0c1-83c2b8b0cbc0,306,0,306,10,0,316,0,1,0,1,13,0,236
0ae5505d-ec59-4fd8-bd23-26d71e149d33,297,0,297,18,1,316,0,0,1,1,0,0,236
1d391d8f-0233-49bc-b270-00447f547a12,296,0,296,17,3,316,0,0,1,1,0,0,236
feeb62f7-f90c-411d-b35c-c02ab5698948,305,0,305,11,0,316,0,0,0,0,0,0,236
680c9013-7459-4b7d-85f1-86285f984824,284,0,284,32,0,316,0,0,0,0,0,0,236
187a099d-a517-48af-b6f0-7555ede7f1d2,306,0,306,10,0,316,0,0,0,0,0,0,236
52f09a24-417f-413d-835f-08a0f89d2910,303,0,303,13,0,316,0,1,0,1,8,0,236
7129d02f-d574-402b-8ee2-df35042e73f1,301,0,301,15,0,316,0,0,0,0,0,0,236
0ea78e40-21ff-4f86-a799-a283532d3787,294,0,294,22,0,316,0,1,0,1,11,0,236
527f0bc0-9657-42b7-b6c2-3909348bfb55,305,0,305,11,0,316,0,0,0,0,0,0,236
fac730f6-9eb7-437f-97b1-cff5a692a4eb,298,0,298,17,1,316,0,0,0,0,0,0,236
b5859889-afbe-47a0-a502-db1f1191cb00,296,0,296,20,0,316,0,0,0,0,0,0,236
1ac12e10-9276-4301-a915-0e1751ad9de2,308,0,308,8,0,316,0,1,0,1,8,0,236
eedc55cd-89f4-45cb-9d86-e4d46980a1cf,307,0,307,9,0,316,0,0,0,0,0,0,236
3705f764-8a80-4170-b594-504fbd541f89,297,0,297,19,0,316,0,0,0,0,0,0,236
10cc8d48-4336-476b-924f-e16670309101,304,0,304,12,0,316,0,0,0,0,0,0,236
e182aa5e-1572-4c5b-bd28-e900f5b9b8dd,300,0,300,16,0,316,0,0,0,0,0,0,236
133cf5d7-1b54-4421-bcae-8dfdb7860111,305,0,305,11,0,316,0,0,0,0,0,0,236
47623bfd-87cc-4022-9eb4-302a90af1088,302,0,302,14,0,316,0,1,0,1,8,0,236
6b77880f-9eec-49b6-a602-10aeec04d758,297,0,297,19,0,316,0,0,0,0,0,0,236
29af7c26-3a5d-415f-8c41-3926e3199f36,304,0,304,12,0,316,0,0,0,0,0,0,236
230b6d7f-6fbe-482a-854d-1921f73f2c43,304,0,304,12,0,316,0,0,0,0,0,0,236
348ced42-e541-4849-94e2-ba4ed63bd3aa,300,0,300,16,0,316,0,0,0,0,0,0,236
50295197-f4cd-4729-955e-3d2e588eca12,298,0,298,18,0,316,0,0,0,0,0,0,236
0a53fca5-967f-4c06-9925-fb3b2e6ded9d,297,0,297,17,2,316,1,0,1,1,0,0,236
5cd39946-fa15-417c-a874-94835212eeb4,316,0,316,0,0,316,0,0,0,0,0,0,236
07540994-f44e-422f-a82a-d6a48de2e034,312,0,312,4,0,316,0,0,0,0,0,0,236
e3157604-59ae-4294-be44-f93dd654241e,302,0,302,14,0,316,0,0,0,0,0,0,236
a03c7e40-9016-45c7-bd5e-76c4a7c26c15,300,0,300,15,1,316,0,0,0,0,0,0,236
1129f425-db13-4b8e-981e-86b4ebbbdcec,297,0,297,19,0,316,0,0,0,0,0,0,236
2fd0fa38-5d0d-4650-aa26-90d1167b2441,306,0,306,10,0,316,0,0,0,0,0,0,236
dc9fb9ae-e7db-4b07-8f79-93615421293d,300,0,300,16,0,316,0,0,0,0,0,0,236
c3c91600-545a-4d67-835f-8c383ec113ce,307,0,307,9,0,316,0,0,0,0,0,0,236
1edc9316-7f8e-42c1-921a-dd01d89d0381,305,0,305,11,0,316,0,0,0,0,0,0,236
93689df2-30fe-4afc-a356-b7025595e450,313,0,313,3,0,316,0,0,0,0,0,0,236
0c473166-5427-4a1e-81a7-d57cb452fff2,303,0,303,13,0,316,0,0,0,0,0,0,236
00d7d555-96bc-4c64-830d-bc86fa30abcc,305,0,305,10,1,316,0,1,1,2,20,0,236
699988d5-0ef4-4a51-8018-2dbb0aa81093,305,0,305,11,0,316,0,0,0,0,0,0,236
14e9abc8-4139-4bfd-a189-924bcdd950fe,314,0,314,2,0,316,0,0,0,0,0,0,236
f2766038-44cd-409d-b69d-eec956052700,313,0,313,3,0,316,0,0,0,0,0,0,236
d7c272a6-a4cf-440c-8a95-a56318c1d415,301,0,301,15,0,316,0,0,0,0,0,0,236
41912c64-e0fa-4637-9598-2cde837cc679,302,0,302,14,0,316,0,0,0,0,0,0,236
f37c5dd2-8440-411f-b827-70983d6f790d,290,0,290,26,0,316,0,0,0,0,0,0,236
cabfe886-51e9-4eb4-885a-9c9fe45d1836,0,0,0,0,0,316,0,0,0,0,0,316,236
ea9fcc1b-2049-435e-b3c0-42d1a8fdad92,314,0,314,2,0,316,0,0,0,0,0,0,236
8d006711-2726-4d0c-8557-f7b4bbfd7ff2,296,0,296,20,0,316,0,0,0,0,0,0,236
107bc5c9-a844-4bde-903e-b4cba9a53741,313,0,313,3,0,316,0,0,0,0,0,0,236
805283f8-4557-47f7-b9a2-b02f565b5281,312,0,312,4,0,316,0,0,0,0,0,0,236
24cd4243-8755-49e6-9e65-5da58f165520,294,0,294,22,0,316,0,0,0,0,0,0,236
64fdd55c-766a-4cbd-a20d-3a759d364bfa,303,0,303,13,0,316,0,0,0,0,0,0,236
31cf60f4-353c-4739-baee-17ae7a4d3083,298,0,298,18,0,316,0,0,0,0,0,0,236
f8162619-9488-48d2-9f3d-674d5451fe0c,304,0,304,10,2,316,0,0,0,0,0,0,236
c25346c2-8838-4198-a196-09416ddef763,310,0,310,6,0,316,0,0,0,0,0,0,236
88b9cbd5-cb7b-4e15-81bb-aa43a57d7a4e,298,0,298,18,0,316,0,0,0,0,0,0,236
2b634775-d625-4dea-9ed9-e0eab3749f2a,282,0,282,34,0,316,0,0,0,0,0,0,236
b2069c73-1faf-4fb7-9b26-73cbd82d8a25,306,0,306,10,0,316,0,0,0,0,0,0,236
81f8c328-6aad-497a-9f12-a50e02cb9d6c,303,0,303,13,0,316,0,0,0,0,0,0,236
7dae8e0a-712e-43a6-b87d-7ba5e78c8826,305,0,305,11,0,316,0,0,0,0,0,0,236
29d21511-9853-4e2c-81ff-d11f809f5683,303,0,303,13,0,316,0,0,0,0,0,0,236
46dbb588-7715-40a9-9dc8-5c3ee86026c6,300,0,300,16,0,316,0,0,0,0,0,0,236
689beb93-2cae-442e-af55-916e905c82b6,302,0,302,14,0,316,0,0,0,0,0,0,236
2564b7f0-2ae7-4c2b-8217-74d71430f7ff,304,0,304,12,0,316,0,1,0,1,19,0,236
eb528184-f0ce-49c5-a88a-1be2aaded0b8,307,0,307,9,0,316,0,0,0,0,0,0,236
62c45b83-55f9-4940-a21c-3964af01dd8e,299,0,299,17,0,316,0,0,0,0,0,0,236
f106af40-f3a3-4f97-8e7a-39632d3b887a,302,0,302,14,0,316,0,0,0,0,0,0,236
3d237212-18ac-4975-b1a4-122f583923d6,300,0,300,15,1,316,0,0,1,1,12,0,236
4ba085ba-231f-4f4f-8164-fad2dd2dad9b,306,0,306,10,0,316,0,0,0,0,0,0,236
ab917661-6a6e-4fca-bb1d-6bcc48b4fc77,306,0,306,10,0,316,0,0,0,0,0,0,236
bcdbfbab-713d-4367-adcb-4969416ab359,304,0,304,12,0,316,0,0,0,0,0,0,236
3dccddcc-6f95-4045-8406-60614a9d36d0,286,0,286,30,0,316,0,0,0,0,0,0,236
e61a634b-a053-498a-acc6-279e671642f7,305,0,305,11,0,316,0,0,0,0,0,0,236
96a1098d-d210-43d2-906c-9a2d02a00f4c,0,0,0,0,0,316,0,0,0,0,0,316,236
51154652-ca75-43aa-b7b3-e6e38209c231,292,0,292,24,0,316,0,0,0,0,0,0,236
1d64eb2d-38a0-40b8-a712-9eacfd21fcf4,306,0,306,10,0,316,0,1,0,1,9,0,236
6b1eff81-f8ee-4048-bba0-15e28723b4a0,297,0,297,19,0,316,0,1,0,1,12,0,236
d891fa8e-4e54-4463-876d-6d28f9c11379,299,0,299,17,0,316,0,0,0,0,0,0,236
68dddab0-a0ee-4389-a2e2-f5603cc049ea,300,0,300,16,0,316,0,0,0,0,0,0,236
1d01da2a-6b05-4372-8068-8eb2c480e304,306,0,306,10,0,316,0,0,0,0,0,0,236
ec4303b1-76e9-4404-bceb-d2bfaef1b6e9,312,0,312,4,0,316,0,1,0,1,0,0,236
e8c0151d-d1e3-4153-8478-a6ae8317945c,309,0,309,7,0,316,0,0,0,0,0,0,236
8fc3758f-9714-4aec-94c5-c07d6f805730,301,0,301,15,0,316,0,0,0,0,0,0,236
13f83307-7884-4bd5-92db-86d00b5caae5,298,0,298,18,0,316,0,0,0,0,0,0,236
edfdfc2b-3d09-4443-8045-49c42f26c3ae,296,0,296,20,0,316,0,2,0,2,17,0,236
7673d736-3a4f-41de-abd0-cea150aaa432,296,0,296,18,2,316,0,0,1,1,0,0,236
caf675b6-4482-4f84-8904-f81d7c21df31,299,0,299,17,0,316,0,0,0,0,0,0,236
d5e0da95-dcf1-43a2-add2-37334eaf7ce8,304,0,304,12,0,316,0,1,0,1,31,0,236
00a171d1-74be-4e85-afad-690cb0fd7949,308,0,308,7,1,316,0,0,0,0,0,0,236
bbb2f588-d2ac-44f0-b969-ccaca43d74e6,308,0,308,8,0,316,0,1,0,1,17,0,236
d462c9c3-19be-4cd5-a528-b60ff34691df,303,0,303,13,0,316,0,0,0,0,0,0,236
1b5dade6-b528-43c6-b00e-67a493d8a2ec,290,0,290,26,0,316,0,0,0,0,0,0,236
1a4c4e8f-f7f3-46e3-adb6-6a77ccbd7192,305,0,305,11,0,316,0,0,0,0,0,0,236
a30e914c-0654-42ba-a1bc-4a3c687e81ff,0,0,0,0,0,316,0,0,0,0,0,316,236
d78f91f5-657b-40e1-9b01-ff73b8cf5d06,300,0,300,16,0,316,0,0,0,0,0,0,236
ad7707e6-3ea8-4374-8b96-307388c77347,308,0,308,8,0,316,0,0,0,0,0,0,236
8719d1a3-11f8-4f84-94f2-095aec251ba6,295,0,295,21,0,316,0,1,0,1,9,0,236
ca681d09-f2e8-4c97-a5b1-bdb05bccf84b,302,0,302,14,0,316,0,0,0,0,0,0,236
4e89ccf5-eb74-4eca-8e04-08dbd2662dbc,305,0,305,10,1,316,0,0,0,0,0,0,236
1a7e6f6e-6025-46c4-929f-b033e784e098,300,0,300,16,0,316,0,1,0,1,9,0,236
00713005-5f0a-4b5e-bb9a-8dcfefcf234a,310,0,310,6,0,316,0,0,0,0,0,0,236
f5801791-cbdb-4b0f-be04-f06a5f9b4a03,300,0,300,16,0,316,0,1,0,1,0,0,236
63d56271-00b0-4771-a547-6db7be7b4247,297,0,297,19,0,316,0,1,0,1,12,0,236
8244ac80-8d90-491b-aeec-9d921d85d49f,305,0,305,11,0,316,0,0,0,0,0,0,236
1239ba1e-b963-4f47-84ae-588b84260029,300,0,300,16,0,316,0,0,0,0,0,0,236
e297db69-e9a6-44c4-afb0-ea9f3c8f2fda,315,0,315,1,0,316,0,0,0,0,0,0,236
5e501848-ccad-4ce8-8e2c-4faa7ba36bf0,295,0,295,19,2,316,0,1,0,1,17,0,236
70f08521-75d5-4f40-8006-e6c2040777a2,289,0,289,26,1,316,0,2,1,3,29,0,236
fdb3bb49-95a8-4c10-8b34-387f419e45ad,305,0,305,11,0,316,0,0,0,0,0,0,236
638ae8fc-ad6c-43e0-839d-547095897f28,305,0,305,10,1,316,0,0,0,0,0,0,236
f81941a4-b22c-49ad-9e9d-d1cbb35dd150,298,0,298,18,0,316,0,0,0,0,0,0,236
fda603b2-83fd-47df-9640-76764ec7ea08,305,0,305,11,0,316,0,0,0,0,0,0,236
33ee0a7f-3e97-4c89-80b2-0a526afc7c4c,304,0,304,12,0,316,0,1,0,1,0,0,236
04e979b2-2c0f-414e-b5b0-e16a8e8fe247,303,0,303,13,0,316,0,0,0,0,0,0,236
a275aa7a-f5d2-4686-b2cd-bc146a0828f8,304,0,304,12,0,316,0,1,0,1,14,0,236
0cb3af11-27ed-455a-81ae-e91f69102fff,312,0,312,4,0,316,0,0,0,0,0,0,236
c6f8072c-fb6d-4ed9-9377-7bee203fe057,312,0,312,4,0,316,0,0,0,0,0,0,236
fbd98e6d-df9a-4ea7-8d91-575cf6823f15,297,0,297,19,0,316,0,0,0,0,0,0,236
9e9c7907-06fe-4869-9d79-a92ecd608e6c,315,0,315,1,0,316,0,0,0,0,0,0,236
4cbf982a-7115-4d96-891b-f6406f0bd52f,289,0,289,27,0,316,0,0,0,0,0,0,236
af33c884-6cf5-4bce-839b-b96bb69de449,303,0,303,13,0,316,0,0,0,0,0,0,236
3148c808-c563-4dae-bb86-cfcdde3c6b12,304,0,304,12,0,316,0,0,0,0,0,0,236
35b08d28-2c96-4f6d-ae8e-1a35abbad7d7,298,0,298,18,0,316,0,1,0,1,8,0,236
422ae78f-cc07-4990-b160-7320ee8f00cb,0,0,0,0,0,316,0,0,0,0,0,316,236
a30ceac5-d14f-4e02-a032-ca360a3bdfba,311,0,311,4,1,316,0,0,0,0,0,0,236
455195b1-6ddf-4ad4-9313-9dd0eb295bc0,310,0,310,6,0,316,0,0,0,0,0,0,236
7efaf0c0-1cc9-4784-94c2-ec881f12a6d8,305,0,305,11,0,316,0,1,0,1,15,0,236
b5a3d343-b3af-4b30-90d8-5a8752e095b1,295,0,295,21,0,316,0,0,0,0,0,0,236
2480bd64-f6f5-40cb-a731-c6894e687879,308,0,308,8,0,316,0,0,0,0,0,0,236
7999540f-6ed4-43c5-8c49-de20019083e4,307,0,307,9,0,316,0,0,0,0,0,0,236
e882552a-1e78-44a5-818b-2447e44e8cc6,292,0,292,24,0,316,0,0,0,0,0,0,236
a3dabc21-2395-4c2c-b123-3a9a5d7e7da5,306,0,306,10,0,316,0,0,0,0,0,0,236
46475615-b363-4684-8039-61b2c94b7c94,316,0,316,0,0,316,0,0,0,0,0,0,236
4c12a9c8-ecf6-49cd-bf6d-98887027e0e7,307,0,307,9,0,316,0,1,0,1,14,0,236
c4de5def-cdf6-4e0a-a8d9-396b90d63490,299,0,299,17,0,316,0,0,0,0,0,0,236
744d19e4-9612-4d13-944f-8b32566dfe4a,299,0,299,16,1,316,1,0,0,0,0,0,236
65099a2c-1720-4ddf-9f3b-f93bf256f2a5,295,0,295,21,0,316,0,0,0,0,0,0,236
1038984a-cc5c-4845-ac29-f617d2880c6c,297,0,297,19,0,316,0,0,0,0,0,0,236
483091f7-de00-4109-b1a4-fc7f101dcc12,306,0,306,10,0,316,0,0,0,0,0,0,236
faf63cc3-49d6-4cea-b2d9-b28fe20dbda8,313,0,313,3,0,316,0,0,0,0,0,0,236
ec99c895-663c-4afe-8e07-46a438beb71d,309,0,309,7,0,316,0,0,0,0,0,0,236
fb91d2ad-3005-48a6-9427-5a71d3cef12f,297,0,297,19,0,316,0,1,0,1,21,0,236
b2d86db8-0242-4371-8b0b-13147ace2f77,302,0,302,14,0,316,0,0,0,0,0,0,236
d33c3c6f-99db-4c7c-8591-bda24cdd0f68,299,0,299,17,0,316,0,1,0,1,15,0,236
49b91d87-a53b-4ac3-aa56-222112cec665,300,0,300,16,0,316,0,0,0,0,0,0,236
e636979a-6520-4023-bad4-ba1e3bb38b49,301,0,301,15,0,316,0,1,0,1,14,0,236
50f9fc5b-5103-4027-9d37-2f1dab07a9b5,301,0,301,15,0,316,0,0,0,0,0,0,236
a270bac6-3848-44a3-b0c6-49a36b973962,302,0,302,14,0,316,0,1,0,1,19,0,236
9c80e377-a1c3-4832-a1d8-f3bd618442cf,303,0,303,13,0,316,0,0,0,0,0,0,236
eec9bfa4-50e7-4bf3-ac6b-ff2f8406cf76,308,0,308,8,0,316,0,0,0,0,0,0,236
257bc636-aa88-4163-87f6-72392c0ee813,302,0,302,14,0,316,0,2,0,2,25,0,236
b2516014-df30-4ec7-a887-e308b2feb20e,299,0,299,17,0,316,0,1,0,1,15,0,236
6e8732de-b788-407d-8e97-610cb2da06d1,301,0,301,14,1,316,0,0,1,1,32,0,236
c73f5ca2-b9d2-4aa0-8e7f-066ba10b2d1b,304,0,304,11,1,316,0,0,1,1,0,0,236
9e58f5ff-9679-4416-8b02-819204927309,298,0,298,18,0,316,0,0,0,0,0,0,236
480b604a-87dc-4307-9777-e15512393ffe,295,0,295,21,0,316,0,0,0,0,0,0,236
2723f0e3-343e-4660-bd90-183921e689fd,301,0,301,15,0,316,0,0,0,0,0,0,236
e0136bf8-7e71-4a6a-bd5f-9fc6cc2cd240,304,0,304,12,0,316,0,0,0,0,0,0,236
c3e35aaf-ddf9-4289-84ac-8ce75b846665,0,0,0,0,0,316,0,0,0,0,0,316,236
6eb547eb-2767-4427-8863-187c4caee4cd,300,0,300,16,0,316,0,0,0,0,0,0,236
73ed0988-3110-4ebf-90b4-58da919baea2,306,0,306,10,0,316,0,0,0,0,0,0,236
2099f751-a2fe-4001-aab3-9e615100dc50,308,0,308,8,0,316,0,0,0,0,0,0,236
f98257fd-b389-4c1b-9301-d398b165bcb8,301,0,301,15,0,316,0,2,0,2,18,0,236
333b4f2c-4c18-499e-ae94-260bddbd37c3,299,0,299,17,0,316,0,0,0,0,0,0,236
f67ee48c-f913-4821-ad61-dc94de961d83,298,0,298,17,1,316,0,0,0,0,0,0,236
709b237f-712c-46bb-abe7-8a8e237f2a09,286,0,286,29,1,316,1,1,0,1,7,0,236
f2a00ac1-9a99-4a9e-acc0-5bbe3159b234,307,0,307,9,0,316,0,1,0,1,24,0,236
9a932c18-4209-49e7-b334-98a315f5c445,284,0,284,32,0,316,0,1,0,1,16,0,236
9027571d-bdf1-47de-8c58-c3573aa708ea,300,0,300,16,0,316,0,1,0,1,11,0,236
1027e307-5b60-4d47-abdb-9bb2df7b4525,306,0,306,9,1,316,1,0,0,0,0,0,236
15ffa733-8169-49ef-a62e-447a4e3f8007,303,0,303,13,0,316,0,2,0,2,26,0,236
f875d765-fa7a-4410-85f0-97c9ca861ff5,300,0,300,16,0,316,0,0,0,0,0,0,236
1987acc1-b6c0-4e61-b11f-90332bf0226b,301,0,301,15,0,316,0,1,0,1,12,0,236
f5a2d482-714a-4e4b-9beb-b94c03b634ac,285,0,285,31,0,316,0,0,0,0,0,0,236
ed38769c-6bc2-473e-b046-7718a471766e,299,0,299,17,0,316,0,0,0,0,0,0,236
1aa7effe-ddfd-4ba6-8f84-ebcad4d4f87f,289,0,289,26,1,316,0,0,0,0,0,0,236
2aa5ffe4-78a5-4642-bc6e-25e84de38db7,0,0,0,0,0,316,0,0,0,0,0,316,236
21873c74-c8ef-4785-abbd-8e0dfb5aa944,290,0,290,26,0,316,0,1,0,1,22,0,236
4892b7a2-1116-443e-96b6-3c0929ae7626,308,0,308,8,0,316,0,0,0,0,0,0,236
76b78b77-cc37-484a-a6b3-644ce8c2b533,300,0,300,16,0,316,0,0,0,0,0,0,236
eb9b03d0-6c29-4509-814a-25ce6fe97d89,303,0,303,13,0,316,0,0,0,0,0,0,236
04d90f75-da67-4dc7-8da2-db20aa68ebeb,304,0,304,12,0,316,0,1,0,1,4,0,236
c13ed691-044e-4955-8997-af4da996a2ef,308,0,308,4,4,316,0,1,0,1,13,0,236
2eb74b05-2fea-4086-bd04-60a11a3e98b2,300,0,300,16,0,316,0,0,0,0,0,0,236
fd174437-2945-4f73-b2df-b01967cb448a,302,0,302,14,0,316,0,1,0,1,11,0,236
f243d4c8-7694-4b6e-ae0b-cbcbc20287a6,303,0,303,13,0,316,0,0,0,0,0,0,236
b49a03bc-c85c-41a8-a915-e5a106602c1d,298,0,298,18,0,316,0,0,0,0,0,0,236
0d4ff816-dea5-40e4-bfd0-ba535ea99813,300,0,300,16,0,316,0,0,0,0,0,0,236
77e591aa-70d9-4c3e-b513-b65aacddd792,307,0,307,9,0,316,0,1,0,1,5,0,236
6cf93f71-a2da-450b-870c-870b793b8215,297,0,297,19,0,316,0,0,0,0,0,0,236
a656f0cc-a7a6-47ca-bc1f-b1fbde59b7ea,308,0,308,8,0,316,0,0,0,0,0,0,236
3324fe86-7d6e-416e-9f03-d011ffab5901,293,0,293,23,0,316,0,0,0,0,0,0,236
cbc91327-cf9a-4eb9-a2dd-e44de3aa030f,305,0,305,11,0,316,0,2,0,2,19,0,236
9c67e4cf-dcf4-4d57-9101-501662306151,307,0,307,9,0,316,0,0,0,0,0,0,236
f0629fe9-5154-4f7d-b661-cd560efb8fb9,299,0,299,17,0,316,0,0,0,0,0,0,236
e51fbd17-39e3-4c8f-ac67-c939e83a976e,303,0,303,13,0,316,0,0,0,0,0,0,236
b3412ddf-6768-41f3-a2e7-e0e0e3e9f2b1,304,0,304,12,0,316,0,1,0,1,36,0,236
6a5900db-14d6-4a08-bb89-238c34fca265,307,0,307,9,0,316,0,0,0,0,0,0,236
44bfcd01-530b-4cfb-acc4-27c8d4f2b5e5,295,0,295,21,0,316,0,1,0,1,13,0,236
99d5ce36-43ba-48f7-967f-d664de7f1780,307,0,307,9,0,316,0,0,0,0,0,0,236
5ccc26b7-3d8e-4bc2-9c0a-e5054b520577,296,0,296,20,0,316,0,0,0,0,0,0,236
036e4235-96c7-4609-b7b2-09792541c2dc,304,0,304,11,1,316,0,1,0,1,11,0,236
cb089a96-f5c1-4596-88e7-5153be7669b5,315,0,315,1,0,316,0,0,0,0,0,0,236
c5a0ffdb-2424-4a70-9f95-3bc815b9d505,312,0,312,4,0,316,0,0,0,0,0,0,236
6779febd-98c1-4b06-b21e-2fe7ecd9750b,286,0,286,30,0,316,0,1,0,1,0,0,236
7ef28524-9ee7-452e-a751-6812d140803f,305,0,305,11,0,316,0,0,0,0,0,0,236
626ceeb1-62c9-41b9-a308-48b2699b792b,293,0,293,22,1,316,0,0,1,1,0,0,236
8b8886ba-6f18-4d7b-912d-19cddcc45fee,311,0,311,4,1,316,0,0,1,1,0,0,236
8bae6f0c-645d-4f24-852c-1b8a24d40f80,304,0,304,12,0,316,0,0,0,0,0,0,236
8fbe0005-b7aa-46ac-9328-16b87a262ca8,307,0,307,9,0,316,0,0,0,0,0,0,236
d045be97-9e17-4696-9d9c-8c84b65a0988,302,0,302,14,0,316,0,1,0,1,7,0,236
1145314a-6f48-45a8-8451-0e57eebfbe51,0,0,0,0,0,316,0,0,0,0,0,316,236
7acdaf5a-b364-4f3c-9b0a-3614bc92d6b5,307,0,307,9,0,316,0,0,0,0,0,0,236
e7dd66ad-d2c0-4103-b5c3-eeed34da20bd,316,0,316,0,0,316,0,0,0,0,0,0,236
b7bba95e-159c-46d7-98b0-dc95777206ac,302,0,302,14,0,316,0,1,0,1,12,0,236
73911f68-decc-4291-9793-fdf02150558a,298,0,298,17,1,316,1,0,0,0,0,0,236
c848d9fc-6a63-4591-98fd-04711ff4ced0,304,0,304,12,0,316,0,0,0,0,0,0,236
9cdc2ef5-90d7-4057-b778-d15c869b9163,304,0,304,12,0,316,0,0,0,0,0,0,236
0cfc2620-df5e-48b3-8c47-87242e62c5e1,303,0,303,13,0,316,0,0,0,0,0,0,236
f61dc8d8-a578-442d-84ed-635c954ddf5d,301,0,301,15,0,316,0,0,0,0,0,0,236
ab36d2e1-8974-41bf-9b22-88d0f95ab735,301,0,301,14,1,316,0,0,1,1,0,0,236
1386ebf7-108e-4676-a680-7619009fcc70,309,0,309,7,0,316,0,1,0,1,9,0,236
d75de5c7-d7d1-49c4-a4aa-1abfbdc4aa4a,301,0,301,15,0,316,0,0,0,0,0,0,236
dee6e562-e253-4e1f-bf1c-e0a9fb795560,300,0,300,16,0,316,0,1,0,1,9,0,236
1f699e75-f43d-4dce-8994-3b3ac65ed13f,303,0,303,12,1,316,0,0,0,0,0,0,236
9a1b7424-4a67-403d-a22d-f83fb1f9efde,297,0,297,19,0,316,0,0,0,0,0,0,236
4d7c4233-f38b-4f23-9182-50bb7cf79577,293,0,293,23,0,316,0,1,0,1,7,0,236
489c3ed3-fcc6-4a4f-95ff-f16e4f28f820,0,0,0,0,0,316,0,0,0,0,0,316,236
6a3f728a-cf9e-4691-9ad4-a590ecdc1008,296,0,296,20,0,316,0,0,0,0,0,0,236
b665bc24-0267-4c8e-a0af-5ec956005a81,300,0,300,16,0,316,0,1,0,1,23,0,236
0aac623b-e10d-4054-98fe-19ac93018452,311,0,311,5,0,316,0,0,0,0,0,0,236
23178d08-a5bd-46a4-beb6-da901213723d,314,0,314,1,1,316,0,0,1,1,0,0,236
68041d80-3d47-4376-9ef7-0f038ec946ef,301,0,301,12,3,316,2,1,0,1,23,0,236
e21c3aec-06fd-4548-ab4f-c115f4d96372,305,0,305,11,0,316,0,1,0,1,6,0,236
f83720f2-1928-4f2e-b4d9-b880b2e0b950,297,0,297,18,1,316,0,0,1,1,0,0,236
bbc6c8e7-f33a-41ca-b9dc-e07c5037d48e,299,0,299,17,0,316,0,0,0,0,0,0,236
56449947-c916-428f-aa03-ada8bdb5dcb3,300,0,300,16,0,316,0,0,0,0,0,0,236
222bb8b4-316e-4651-b4ea-7bc01b5d228a,297,0,297,19,0,316,0,1,0,1,17,0,236
b67cbb45-ee37-4817-b847-26b2a74bc421,301,0,301,14,1,316,0,0,0,0,0,0,236
fe508bda-0a35-4115-8e6f-431a073a3729,309,0,309,7,0,316,0,0,0,0,0,0,236
0c0efe27-b2da-48bb-8c01-cf3f0c11a4db,302,0,302,14,0,316,0,0,0,0,0,0,236
987ddc2c-3e36-4cb4-b1d0-70e5f16a6f0d,307,0,307,9,0,316,0,0,0,0,0,0,236
ed248026-d0d6-436c-9d42-a8feb0e68e27,297,0,297,18,1,316,0,1,1,2,17,0,236
9c2bf9d8-8a87-432e-9b41-eb62289e4540,308,0,308,8,0,316,0,0,0,0,0,0,236
1b465e8f-3558-45e5-b69d-d65768b6d332,305,0,305,11,0,316,0,1,0,1,20,0,236
10eab87a-d0bd-4712-9fe2-9939894269b5,303,0,303,12,1,316,0,1,0,1,6,0,236
6714ce00-4d3b-411c-8d42-374cf721d890,315,0,315,1,0,316,0,0,0,0,0,0,236
94b59470-de8e-48df-9d7b-b9ccde4515fb,301,0,301,14,1,316,0,1,1,2,9,0,236
550a36d5-2761-4c4c-99b1-94d0f86d4f90,299,0,299,17,0,316,0,0,0,0,0,0,236
be22fa7d-cc46-4346-a848-d222224b7820,314,0,314,1,1,316,0,0,0,0,0,0,236
6b59e0b1-60e9-40eb-abf8-9e58a7d5eb7f,299,0,299,17,0,316,0,0,0,0,0,0,236
61dea70b-517c-411f-b73e-e83712645e11,301,0,301,15,0,316,0,0,0,0,0,0,236
aa8f5306-795e-41fd-b682-2fd5b1ab99ae,293,0,293,23,0,316,0,0,0,0,0,0,236
589862ec-c806-4ca6-aeb5-19d4224614e5,305,0,305,10,1,316,1,1,0,1,8,0,236
8646cda3-5892-4758-9576-5c1b0339b897,305,0,305,11,0,316,0,0,0,0,0,0,236
8ade971b-8b15-48b9-929e-6393042adaed,305,0,305,10,1,316,0,0,1,1,0,0,236
a9c99be8-f2dd-4f25-910e-bd7a7166a896,308,0,308,8,0,316,0,0,0,0,0,0,236
6c49a79c-ec34-48c6-a30b-dedc0b1f7be7,299,0,299,17,0,316,0,3,0,3,21,0,236
b4c46b13-359a-4550-8d4e-4d74b8f16b9b,307,0,307,9,0,316,0,1,0,1,9,0,236
231b41c4-2a34-4488-a4e5-189fcba98dda,305,0,305,11,0,316,0,0,0,0,0,0,236
21924d57-6433-43fe-a6d3-f6d94d7e5f75,0,0,0,0,0,316,0,0,0,0,0,316,236
32740d4a-6e67-4d74-b666-fd87e8de1561,272,0,272,44,0,316,0,1,0,1,6,0,236
f1eb0651-3f74-494d-bee7-a5ee2bbb2694,291,0,291,24,1,316,0,1,1,2,10,0,236
5da8a78a-fca0-4d54-bd9a-1afc38245e6c,304,0,304,12,0,316,0,0,0,0,0,0,236
14fc9a7c-07e5-4a0f-b1ef-ae3dc44e5c90,305,0,305,11,0,316,0,1,0,1,0,0,236
01a7d1c0-e0d8-40e2-9edc-11742c57f1d0,278,0,278,38,0,316,0,0,0,0,0,0,236
ba792f9e-9cd6-419b-9463-36cc8d50bf40,304,0,304,12,0,316,0,1,0,1,10,0,236
d83af45b-e9f8-4435-91bf-ac8bf789b0fc,302,0,302,14,0,316,0,0,0,0,0,0,236
0f79cc1d-b331-4250-b877-bc16f9e06fb9,305,0,305,11,0,316,0,0,0,0,0,0,236
9bc650f7-595d-49b3-825e-a93c854d2e89,296,0,296,20,0,316,0,0,0,0,0,0,236
63c7ef0c-1a53-493f-a688-a810f9231513,299,0,299,16,1,316,1,1,0,1,12,0,236
05b8c309-e8f5-474c-9f9e-662e26c3640a,273,0,273,43,0,316,0,1,0,1,7,0,236
52679017-7fa0-4a24-8ab3-ddbaa1a0d304,301,0,301,15,0,316,0,1,0,1,8,0,236
384b0323-c3f9-4a77-b92b-a8a07dedddc8,297,0,297,19,0,316,0,1,0,1,6,0,236
f3c6211f-9b08-4343-9e0c-187cac94e27c,308,0,308,8,0,316,0,0,0,0,0,0,236
1dab8d30-6879-4a26-8418-c5709eb340ac,295,0,295,21,0,316,0,0,0,0,0,0,236
a3d5f9e3-6a44-4845-8244-ea4a03b0d2e7,307,0,307,8,1,316,0,0,1,1,0,0,236
48ea0326-15e7-4c14-839b-a1ea2d0d0c2a,302,0,302,13,1,316,0,1,1,2,10,0,236
52662300-eff8-419d-90ab-2838bdf22798,0,0,0,0,0,316,0,0,0,0,0,316,236
15802f5d-974a-4146-a264-6bdb2bdd7a10,297,0,297,19,0,316,0,0,0,0,0,0,236
648dac2a-1ec9-47d1-aa65-35f9b55b992b,305,0,305,10,1,316,0,2,1,3,9,0,236
a65b3a18-60db-46c9-b38a-a26d0e794cfe,300,0,300,16,0,316,0,0,0,0,6,0,236
53993299-f2fe-4277-ab02-9c3ff9ac7a27,304,0,304,12,0,316,0,1,0,1,9,0,236
82ca3acb-ff94-49ba-8639-cfc38ef5b925,300,0,300,16,0,316,0,0,0,0,0,0,236
f1137e39-c361-4fc8-be3e-d5e05bccd104,289,0,289,27,0,316,0,0,0,0,0,0,236
b35c2595-8ba3-4cd0-9f12-e0345e5d896f,292,0,292,24,0,316,0,1,0,1,0,0,236
d2aabf41-5566-4429-8025-b4ef327a42d8,299,0,299,15,2,316,0,1,1,2,7,0,236
9c9e7bfb-721f-4abb-b7ee-02777e876f19,308,0,308,8,0,316,0,0,0,0,0,0,236
ccc36241-afb4-4d3e-a179-1b83eb56cfaa,291,0,291,24,1,316,0,0,1,1,0,0,236
3caeafe9-0524-44ed-8de6-d5d05d461194,303,0,303,13,0,316,0,0,0,0,0,0,236
dd60ed4f-c2bc-4db0-bc8d-1d7b9b57d93f,312,0,312,4,0,316,0,0,0,0,0,0,236
149c853c-2ffb-44c9-aed5-338579a11f47,307,0,307,8,1,316,0,0,1,1,0,0,236
c904c2d8-2b79-4aff-88f5-e8a0ac5a05b7,305,0,305,11,0,316,0,0,0,0,0,0,236
2ffb6d3d-42da-44e7-ae0c-b14890061ea7,302,0,302,13,1,316,0,0,0,0,0,0,236
4e808b15-75a0-4a0a-8fef-cabc955f3e83,300,0,300,13,3,316,0,0,0,0,0,0,236
5c82f535-8b4a-48f3-aeb0-c7d1bd6214e5,297,0,297,19,0,316,0,2,0,2,23,0,236
6593baf8-06a5-4d5d-aecc-c5e84a31a1bf,299,0,299,17,0,316,0,1,0,1,7,0,236
9c33f381-3514-4cd7-9019-ce379ba03c4a,315,0,315,1,0,316,0,0,0,0,0,0,236
d39c6fcb-41c3-400d-9dff-1f87ac50a597,306,0,306,10,0,316,0,0,0,0,0,0,236
eeaa28f5-5db7-4cb8-8c2d-f26d17bc2f3a,299,0,299,17,0,316,0,1,0,1,22,0,236
6252b12c-2c2d-4cff-8170-4fe9c2d31f3b,312,0,312,4,0,316,0,0,0,0,0,0,236
cf9a3bdd-b6ff-4e7e-84f9-af46fc98dd75,315,0,315,1,0,316,0,0,0,0,0,0,236
96ab5a5c-6d68-472f-8788-9b16e7e104fa,304,0,304,11,1,316,0,0,1,1,0,0,236
ec1f735f-ac31-4ca6-a3e5-be987a421941,308,0,308,8,0,316,0,0,0,0,0,0,236
fdd5b25c-e7ce-4a7f-8c4b-1f2fb72050e8,305,0,305,11,0,316,0,1,0,1,12,0,236
68216dca-35ea-4250-b64b-24eaf71d5bd8,300,0,300,15,1,316,0,1,1,2,10,0,236
f37c6883-4ae0-4d6b-9c32-457dbe98c917,290,0,290,26,0,316,0,0,0,0,0,0,236
44c1f00b-95d3-4235-a999-205d6a824cf1,301,0,301,15,0,316,0,0,0,0,0,0,236
ab9390c8-9e40-44de-940c-cf3ea440223e,298,0,298,18,0,316,0,0,0,0,0,0,236
963a81a2-6f3a-4722-9d22-80e01372aece,308,0,308,8,0,316,0,1,0,1,7,0,236
1e3ef66d-44ca-40e3-848f-6dc81cd2484f,291,0,291,25,0,316,0,2,0,2,11,0,236
0ce1768b-5b16-4a20-a997-7b32aad3aaa5,315,0,315,1,0,316,0,0,0,0,0,0,236
d16217eb-9746-4dbd-a432-74f30e6069d7,312,0,312,4,0,316,0,0,0,0,0,0,236
153534ce-37c0-473d-a463-5709a45173f7,299,0,299,17,0,316,0,0,0,0,0,0,236
c4accccb-432c-4e91-a681-64c568d9b3eb,300,0,300,16,0,316,0,1,0,1,0,0,236
628814c5-18cc-4385-a03e-7ff38dc8db8d,306,0,306,10,0,316,0,0,0,0,0,0,236
0c86894e-e574-4d5f-a3af-6033b5917856,297,0,297,19,0,316,0,0,0,0,0,0,236
8e8de5f9-77ce-43ba-9781-3d16752246cd,303,0,303,12,1,316,0,0,0,0,0,0,236
0fe41de4-20c4-4750-aa53-ffc120ef4a28,295,0,295,20,1,316,0,1,1,2,12,0,236
2c35fc4c-90eb-4ffc-b93f-8a3ccb928b45,0,0,0,0,0,316,0,0,0,0,0,316,236
7b7260c6-eafe-489a-8d41-285a948ca0c2,300,0,300,16,0,316,0,2,0,2,0,0,236
f79d34b1-e244-4312-9ace-fa48423f5f13,308,0,308,8,0,316,0,1,0,1,19,0,236
2c791737-b237-4244-a0ca-9d4ce8292d57,304,0,304,12,0,316,0,2,0,2,31,0,236
065264e9-a866-4a9d-af26-62d67f407015,300,0,300,16,0,316,0,0,0,0,0,0,236
92811ce1-ea50-4c3e-b452-bb323f74e2db,273,0,273,43,0,316,0,0,0,0,0,0,236
521443c7-cd72-43d5-b0aa-3f3352007488,303,0,303,13,0,316,0,1,0,1,10,0,236
ff99ba8f-fa27-45b0-b710-b34a54baef26,304,0,304,11,1,316,0,1,0,1,11,0,236
553f99a8-9437-43f3-a842-b0ab14eb6e81,301,0,301,14,1,316,1,1,0,1,12,0,236
34c4b0c3-c5e2-43ca-a1fb-b115aa03fab4,300,0,300,16,0,316,0,1,0,1,12,0,236
e47fc059-602a-41a5-baa7-ae57dde9b159,300,0,300,16,0,316,0,0,0,0,0,0,236
341bfdbd-6c91-442a-9484-c7baa30698e1,290,0,290,26,0,316,0,0,0,0,0,0,236
b3ad2402-80eb-4642-8275-3a7c63823761,303,0,303,13,0,316,0,0,0,0,0,0,236
26ad541c-caaf-4ad9-a581-6273c74cc212,300,0,300,16,0,316,0,1,0,1,18,0,236
0a29ad1f-1274-4b17-b24b-a05f0f07fa1f,289,0,289,26,1,316,0,1,1,2,10,0,236
75751baa-93d0-4a76-9390-df9046489541,307,0,307,9,0,316,0,0,0,0,0,0,236
68ab2f27-c37a-4e49-94a6-f1137f66eb07,298,0,298,18,0,316,0,1,0,1,12,0,236
fb0214c6-d922-44b1-8f49-4aa962630db0,302,0,302,14,0,316,0,0,0,0,0,0,236
5a114d34-b8c3-4b48-9818-fcdab84e92f6,298,0,298,17,1,316,1,3,0,3,23,0,236
3e91509e-52c3-4429-8a71-631444486089,309,0,309,7,0,316,0,0,0,0,0,0,236
9e59c6ce-6e4a-455a-907e-37263fd5e8cc,307,0,307,9,0,316,0,0,0,0,0,0,236
6ecd6690-8d31-4248-b1f8-213fc40609d0,302,0,302,12,2,316,0,2,0,2,33,0,236
89cddc9a-218f-4769-a2f0-6d42679d440f,303,0,303,12,1,316,0,1,1,2,10,0,236
0749ceb3-d3e8-49f6-b7e9-91c46f43af41,298,0,298,18,0,316,0,0,0,0,0,0,236
5ffccd52-47e7-4ab9-b5b2-602659a9b8ca,302,0,302,14,0,316,0,2,0,2,33,0,236
a836c86f-529b-43bc-a6a8-56a2758373b7,311,0,311,5,0,316,0,0,0,0,0,0,236
c7df7382-9a01-4553-82d6-c176dd6b08c4,213,0,213,103,0,316,0,0,0,0,0,0,236
a8eb0eb4-1d79-419e-91f6-5b7bdd6025d9,0,0,0,0,0,316,0,0,0,0,0,316,236
748c7759-f36f-431b-a15b-c4f94df565a8,307,0,307,9,0,316,0,1,0,1,19,0,236
ffa8b1a0-056c-4038-a619-f2cf6abb528d,303,0,303,13,0,316,0,1,0,1,12,0,236
f7a11028-9b7a-4d8b-b748-1a7863625bc6,294,0,294,22,0,316,0,0,0,0,0,0,236
a2e536f6-4026-4f1a-877f-1b39db6461b5,303,0,303,13,0,316,0,3,0,3,20,0,236
22c855a3-3afb-4778-83e4-c3e66ab58039,306,0,306,10,0,316,0,0,0,0,0,0,236
243e3d90-381f-46b2-b896-43712a31f258,304,0,304,12,0,316,0,2,0,2,17,0,236
4c4e8758-2a0d-45a5-ac97-8c8c113f5261,296,0,296,20,0,316,0,0,0,0,0,0,236
9c264f06-a7c4-45e7-9838-3009432f9ef8,303,0,303,13,0,316,0,0,0,0,0,0,236
f97f744f-f1e5-464c-aed4-030a536d66ac,306,0,306,9,1,316,0,0,1,1,0,0,236
4480a428-a2be-4e09-b782-f3389e5219b0,306,0,306,10,0,316,0,0,0,0,0,0,236
01e7225d-9af7-4529-93e8-33ebb0570dfc,288,0,288,28,0,316,0,0,0,0,0,0,236
78dcbc33-9bec-4de3-82f6-84e604e84fe9,304,0,304,12,0,316,0,0,0,0,0,0,236
6eb596c3-9260-49bf-9594-13e6c4e2a533,292,0,292,24,0,316,0,1,0,1,11,0,236
73fd1878-c98f-49dd-95d8-39212e160a20,302,0,302,14,0,316,0,0,0,0,0,0,236
6c6e8bb6-7f3a-4523-90ab-7ccff178a62e,303,0,303,13,0,316,0,1,0,1,7,0,236
6ac8f176-83d4-4ee2-8997-a60327cc8a90,313,0,313,2,1,316,0,0,0,0,0,0,236
69cabbdf-7cf2-4143-9301-90589f52bb1d,307,0,307,9,0,316,0,1,0,1,10,0,236
68af9e4f-81e7-49ad-b7bb-ee2054a2f02f,0,0,0,0,0,316,0,0,0,0,0,316,236
dc01e73b-296e-43c0-b77c-3adc4d3cbada,316,0,316,0,0,316,0,0,0,0,0,0,236
27598845-f062-4b9d-867c-5c629fd05a33,291,0,291,25,0,316,0,1,0,1,33,0,236
1ab79c6d-4f1c-4f6d-8b25-db838d5c5691,297,0,297,18,1,316,0,0,1,1,0,0,236
d2ac0028-0715-4564-8097-3b46ec0463ed,299,0,299,17,0,316,0,0,0,0,0,0,236
281c7c0b-c841-440d-a0b8-722162ab0d1f,299,0,299,16,1,316,0,1,0,1,10,0,236
3d8c99eb-f0d0-46a9-a341-4ba008eb685e,304,0,304,12,0,316,0,1,0,1,0,0,236
6d801cf7-843e-4d37-9b89-066d6a5a7fcb,316,0,316,0,0,316,0,0,0,0,0,0,236
d0f3493f-6493-4802-8eab-37fa1117039f,302,0,302,13,1,316,0,2,1,3,24,0,236
a7cbd79a-fab2-4123-acdb-2f1f545d4726,300,0,300,16,0,316,0,3,0,3,33,0,236
fd5bb4aa-e83d-4f5b-b318-04ef2dce30af,299,0,299,17,0,316,0,1,0,1,14,0,236
cfd8b05b-c5a4-4654-87d1-c386483df309,309,0,309,7,0,316,0,0,0,0,0,0,236
e4faea20-1f88-46e8-84ff-ea9b56b6cd61,315,0,315,1,0,316,0,0,0,0,0,0,236
49cf68af-0cc9-4cf1-9131-fca626ab20e9,314,0,314,1,1,316,0,0,0,0,0,0,236
d42def3c-7bf8-48a3-94a9-f0f8a836531f,283,0,283,33,0,316,0,1,0,1,12,0,236
8baf032a-62e0-4aa4-a210-e5bc8b0152b9,290,0,290,26,0,316,0,0,0,0,0,0,236
13e6d9e4-7b8e-420e-a7ee-42ae32062eb3,0,0,0,0,0,316,0,0,0,0,0,316,236
086d9097-3eff-4afe-bacd-2b5939aa1938,298,0,298,16,2,316,0,0,1,1,0,0,236
bb54b566-b52e-47e8-8a59-c7d5e4727b3f,310,0,310,6,0,316,0,0,0,0,0,0,236
51459d92-d999-41ef-87ed-867c1e34aa40,312,0,312,3,1,316,0,0,0,0,0,0,236
91636a20-9173-4b67-a381-557f6d379c03,305,0,305,11,0,316,0,1,0,1,0,0,236
1363394b-b17b-4810-9748-e510fe39ecda,304,0,304,11,1,316,0,0,1,1,0,0,236
c6d9ddf2-54e2-4b53-a406-0c7c77e74f11,309,0,309,6,1,316,0,1,0,1,12,0,236
72597bdd-b18e-4db6-8828-f6c8b00937d2,304,0,304,12,0,316,0,0,0,0,0,0,236
b7450487-3a65-44cf-8b7b-79d4733c04ca,309,0,309,7,0,316,0,1,0,1,0,0,236
cf78481f-cb1f-4af9-89c9-e2ab7ca65eee,263,0,263,53,0,316,0,0,0,0,0,0,236
6486027c-b126-4a3a-b065-b18805d35cfc,300,0,300,16,0,316,0,0,0,0,0,0,236
f2f18680-30f4-40e0-9151-893edb314b08,302,0,302,14,0,316,0,0,0,0,0,0,236
9c556491-c417-4e06-8ca2-937a103f81cc,306,0,306,8,2,316,0,1,1,2,12,0,236
3d3e3b10-d318-41bd-86bb-a41181cd0c69,309,0,309,7,0,316,0,1,0,1,7,0,236
45dca6ec-3f61-4680-9da3-1cce8dc6a9a2,302,0,302,12,2,316,0,0,2,2,0,0,236
5e56d6ae-8586-40af-ba45-be1ded09cc58,301,0,301,14,1,316,0,1,1,2,5,0,236
ff6cf886-88c1-4705-bc27-0c23519d7f9c,302,0,302,14,0,316,0,0,0,0,0,0,236
204aa197-c18d-4a26-b40a-5edd5fc69f4c,298,0,298,15,3,316,2,1,1,2,0,0,236
8b453dfa-a2b9-4c16-8be4-cce18921f7a4,302,0,302,14,0,316,0,0,0,0,0,0,236
44fd9a88-54e5-4393-a3b2-b79a680cad5b,305,0,305,11,0,316,0,0,0,0,0,0,236
906678ba-8398-468d-bf43-40217b9907ca,307,0,307,9,0,316,0,0,0,0,0,0,236
871d1c1a-25ad-48b4-a848-3d975df93241,287,0,287,29,0,316,0,0,0,0,0,0,236
2b44ecfb-c169-434b-9604-763d5c14f1d1,308,0,308,8,0,316,0,2,0,2,22,0,236
3c69f51c-544f-4e2e-8605-bb91ee953e59,296,0,296,20,0,316,0,0,0,0,0,0,236
7bf895d3-9373-4a42-b9e7-e4fb4d5a1df3,301,0,301,15,0,316,0,0,0,0,0,0,236
43ff22dc-395e-4d47-b010-e1af2ad30696,302,0,302,14,0,316,0,0,0,0,0,0,236
d0f4bd73-698e-497f-9fc5-7e00ef6405bf,306,0,306,10,0,316,0,2,0,2,30,0,236
296a4305-c292-4432-ad29-f3554cd3550d,302,0,302,14,0,316,0,0,0,0,0,0,236
85dfb078-0a09-404e-9840-8395315ff931,311,0,311,4,1,316,0,2,0,2,22,0,236
2e2d6191-1a5a-4fba-81be-a362e574c318,301,0,301,14,1,316,0,0,0,0,0,0,236
c1170be7-b838-4055-9d22-8a7d357701b5,306,0,306,10,0,316,0,0,0,0,0,0,236
b8fdc54a-4f80-4a62-a6a5-e1f2721f4882,307,0,307,9,0,316,0,0,0,0,0,0,236
f679d31a-db65-4722-87ca-16305826358d,299,0,299,14,3,316,0,0,1,1,0,0,236
48f6942e-6ef4-4605-8dd0-2948baf977a8,301,0,301,15,0,316,0,0,0,0,0,0,236
0d5a9689-0d94-420d-a2a4-0b2b06cca609,303,0,303,12,1,316,0,2,1,3,17,0,236
32b8c522-ebae-4b65-b13a-3cf6665ac8e8,302,0,302,13,1,316,0,0,0,0,0,0,236
479b109c-a0c7-4486-8fee-e0c6ede60717,297,0,297,19,0,316,0,0,0,0,0,0,236
8e6ff5c0-de15-43f3-8331-50e1590b3a62,303,0,303,12,1,316,0,0,0,0,0,0,236
4f918493-6fad-4f12-89b5-59d2692edce0,300,0,300,15,1,316,0,1,1,2,10,0,236
a64319a2-f252-45de-8f59-3c0881003ae4,301,0,301,15,0,316,0,0,0,0,0,0,236
1ad0e770-3a0e-4ba2-abbb-a9a604e0e2d3,307,0,307,9,0,316,0,0,0,0,0,0,236
4f01b533-661e-4088-a345-e4d85c38a9db,303,0,303,13,0,316,0,0,0,0,0,0,236
1fe0a984-49d7-4b17-9fba-adb82baaa4c1,304,0,304,12,0,316,0,0,0,0,0,0,236
4d691b5b-8df3-4401-a93a-0d222db505a9,302,0,302,14,0,316,0,1,0,1,9,0,236
1a090c12-9d38-4c14-ae4c-07765bef83ed,300,0,300,16,0,316,0,1,0,1,0,0,236
75b7d6bb-6bb5-4320-8044-ab37a66a916a,288,0,288,28,0,316,0,0,0,0,0,0,236
e18cd87b-b7fe-4a60-9b92-15b990e22077,303,0,303,13,0,316,0,0,0,0,0,0,236
dbea05cc-088e-4ad4-a8c2-273fb84fa468,303,0,303,13,0,316,0,0,0,0,0,0,236
f3ed0ceb-6263-418a-8f21-f228d4be81c4,286,0,286,30,0,316,0,1,0,1,10,0,236
4d573019-c50d-474c-b910-5b5f82c89a5f,293,0,293,23,0,316,0,1,0,1,12,0,236
14c25186-331d-48a6-a0b9-ca82f632fcc9,297,0,297,19,0,316,0,0,0,0,0,0,236
0ba1cd79-f575-4d13-aa18-f6aee85f5830,306,0,306,9,1,316,0,0,1,1,0,0,236
288caf89-c9e4-4562-87f2-685fae460180,307,0,307,9,0,316,0,2,0,2,19,0,236
ac814063-e33c-499d-901d-cd8400f1eb51,302,0,302,14,0,316,0,2,0,2,26,0,236
3d48f576-d5a7-4e32-a5d1-dcafd6b707a7,306,0,306,10,0,316,0,1,0,1,10,0,236
96bac8d2-61ba-4954-8fb2-07cca3715b0e,301,0,301,15,0,316,0,1,0,1,8,0,236
4e0110c4-57f5-4d9e-9950-0c261261641a,300,0,300,16,0,316,0,1,0,1,9,0,236
746046f3-b7ad-4180-ba9b-0b052d3ed1c1,314,0,314,2,0,316,0,0,0,0,0,0,236
15f418da-cdb3-4c93-b48b-49a17199923f,314,0,314,2,0,316,0,0,0,0,0,0,236
5058ae47-4cfe-4ce7-80fb-085ed6d64a45,296,0,296,20,0,316,0,1,0,1,25,0,236
a0e4bdc4-65bb-4d05-8307-cfc3b94d59a0,314,0,314,1,1,316,0,0,0,0,0,0,236
b42fdefe-5928-4f53-b620-9b39a3b7d7cd,315,0,315,1,0,316,0,0,0,0,0,0,236
20aea40b-3dc1-42d0-9fb4-6cd016e53f63,305,0,305,10,1,316,0,0,1,1,0,0,236
4d48d2f7-1e98-4e58-afb3-3a7c8ffa9640,295,0,295,21,0,316,0,2,0,2,12,0,236
3637c74f-f794-425a-b0e9-1248b060a174,305,0,305,11,0,316,0,1,0,1,17,0,236
b815a7ba-add5-45dd-a995-869dd04cd364,309,0,309,6,1,316,0,0,0,0,0,0,236
051d1276-4fad-41ff-a109-bfde0975bef5,313,0,313,3,0,316,0,0,0,0,0,0,236
b35e35ed-237a-48ec-8567-5f5ad0114fbb,311,0,311,5,0,316,0,1,0,1,14,0,236
8e031edb-cda6-4e1f-82e7-4d3844abad4c,302,0,302,14,0,316,0,0,0,0,0,0,236
d4a03622-1fe0-402c-85b8-6991d4707185,302,0,302,14,0,316,0,1,0,1,13,0,236
707f28ec-25ef-443d-af94-bf6c794a0159,231,0,231,85,0,316,0,0,0,0,0,0,236
08dae1de-d49a-41cf-ace7-2a55ca7fe78a,306,0,306,10,0,316,0,1,0,1,12,0,236
72cf3a6b-9845-4a40-8579-415cb604bc17,314,0,314,2,0,316,0,0,0,0,0,0,236
a0695fac-eedb-4773-8958-7bd687ef7c2b,306,0,306,9,1,316,0,0,1,1,0,0,236
75389015-2baf-49d2-b886-147c48821e07,290,0,290,26,0,316,0,1,0,1,6,0,236
9b5c1add-3230-4698-b74c-62ad915e531c,301,0,301,14,1,316,0,2,0,2,7,0,236
d20d1e61-335a-4b95-b6dc-be92514ba23a,310,0,310,6,0,316,0,0,0,0,0,0,236
bfa5b5aa-8b96-4888-aa1f-925108da9d3e,293,0,293,23,0,316,0,2,0,2,23,0,236
42ce3a67-9188-47d3-af92-5967070b010b,297,0,297,19,0,316,0,1,0,1,14,0,236
e0be36f8-e5f6-4c1d-9070-a152cc6a3d5e,294,0,294,21,1,316,0,0,0,0,0,0,236
d031c477-0f13-4d62-b5f0-144794bfcf61,303,0,303,13,0,316,0,1,0,1,0,0,236
303a6a52-df52-4eb2-9ddd-623c6faa50a6,308,0,308,7,1,316,0,1,1,2,12,0,236
7bb13e3e-40e8-4898-89c8-786983d1023b,300,0,300,16,0,316,0,0,0,0,0,0,236
15e44455-1723-4d0a-b822-11860e99c06b,309,0,309,6,1,316,0,0,0,0,0,0,236
8beaa090-1f4d-4385-a3ff-5c5b7069fd68,299,0,299,17,0,316,0,1,0,1,18,0,236
d4925125-b8f3-48d6-b0f5-9a402015f0e5,310,0,310,6,0,316,0,0,0,0,0,0,236
d778d144-8305-4d46-a83a-ace5ef790cc3,289,0,289,27,0,316,0,0,0,0,0,0,236
af0ca9b1-ad54-45c9-841e-68c9c6ea3983,308,0,308,8,0,316,0,1,0,1,6,0,236
e5874096-361d-4ad9-b845-fe2938215f47,305,0,305,11,0,316,0,1,0,1,5,0,236
921e4f62-516d-4247-bd6c-ddebbbb61652,306,0,306,9,1,316,0,0,1,1,0,0,236
296b9ca0-30fa-420e-991e-0994564a8122,302,0,302,13,1,316,0,0,1,1,0,0,236
b1156b81-b49a-42c7-a13b-4fc079ff173a,300,0,300,16,0,316,0,1,0,1,0,0,236
1a9f73d1-b7fc-4d96-8ea7-afc18c184478,306,0,306,10,0,316,0,2,0,2,16,0,236
39aafee7-b50a-4dd8-aecf-9ea750463ed6,300,0,300,16,0,316,0,1,0,1,5,0,236
fcde356b-6abc-4297-ab8c-f5f1514ba71e,299,0,299,17,0,316,0,0,0,0,0,0,236
0782d1fb-c511-4eb8-965b-97523db38815,302,0,302,14,0,316,0,0,0,0,0,0,236
4d9d46c7-d7ec-49c6-a7b2-034d91ccd0ee,302,0,302,14,0,316,0,2,0,2,11,0,236
149d756b-c696-432b-8366-c5f085c9c6d9,308,0,308,7,1,316,0,1,0,1,19,0,236
65e6d682-c1d2-43a8-816b-2a67ad71b0e7,299,0,299,17,0,316,0,0,0,0,0,0,236
06d43499-02a7-4a19-a82d-17695444c698,307,0,307,9,0,316,0,2,0,2,18,0,236
d168402c-b208-4653-bf0a-e5c917939328,296,0,296,19,1,316,0,0,1,1,0,0,236
84c64337-a24a-4591-a9a0-2bb8d28b44a5,296,0,296,16,4,316,0,0,0,0,0,0,236
5bf22bb8-7ec8-486e-8ab9-48f8fa6cbaf2,305,0,305,11,0,316,0,0,0,0,0,0,236
311d04f5-2478-43e4-afd2-31c0f5bd6080,305,0,305,11,0,316,0,1,0,1,7,0,236
665e31dd-7e44-4130-a47c-cb9c1b7ed1e4,305,0,305,10,1,316,0,1,1,2,8,0,236
c21de08e-18f0-4074-b351-9fa6df8c22f8,294,0,294,21,1,316,0,2,1,3,31,0,236
7f09e585-90cc-4b83-ab35-ed53b9ad3c1c,307,0,307,8,1,316,0,0,1,1,0,0,236
726a997c-7024-4ed3-bcbe-9980975bee32,275,0,275,40,1,316,1,0,0,0,0,0,236
1da4eacc-1816-4f0f-a0f2-0da999f4e1d7,298,0,298,17,1,316,0,1,0,1,7,0,236
ba790387-0339-4a1c-8103-ca545d4fabda,0,0,0,0,0,316,0,0,0,0,0,316,236
668db91c-22d1-4b70-9e6e-04d162f4ed04,274,0,274,42,0,316,0,1,0,1,10,0,236
ea33aeac-3c2c-4a9e-83c3-7de38aa4b350,294,0,294,22,0,316,0,1,0,1,16,0,236
6d7652f2-ed30-41d2-946c-08d49e804f9b,304,0,304,12,0,316,0,2,0,2,26,0,236
f1fbe5c0-7d63-4403-b693-6620ed213366,301,0,301,14,1,316,0,1,1,2,8,0,236
8b5edc71-c592-4bf3-bbd1-e0e79cf64844,314,0,314,2,0,316,0,0,0,0,0,0,236
34aa5cb7-62d7-4009-b447-4652177fef1f,313,0,313,3,0,316,0,0,0,0,0,0,236
140d3739-8794-451d-af7b-95e86798124a,307,0,307,8,1,316,0,1,0,1,19,0,236
dff8f4d9-e20b-40c7-b238-15e94e10c0d4,296,0,296,19,1,316,0,3,0,3,20,0,236
46284cfd-f4e8-40e4-ba5d-08944a227f3b,296,0,296,18,2,316,2,0,0,0,0,0,236
74e5d276-fa12-4d7d-a3c7-16b3f588223e,315,0,315,1,0,316,0,0,0,0,0,0,236
b5676dba-2a09-4fb7-b8d6-2910740951f7,304,0,304,12,0,316,0,1,0,1,0,0,236
662eb1aa-b21a-4992-b3e4-aa2cc3f3f6ce,302,0,302,13,1,316,0,1,1,2,11,0,236
d345dae1-86d7-4ff5-a201-d94b6b20077d,295,0,295,20,1,316,0,0,0,0,0,0,236
ca1c4ec1-66dd-4d45-8a3a-8298ef81248a,0,0,0,0,0,316,0,0,0,0,0,316,236
440c3e1b-2cfb-448f-aab6-a7cd9354112b,303,0,303,13,0,316,0,1,0,1,9,0,236
f3b0beb8-8ba0-467e-b1fa-943ea26212f3,291,0,291,24,1,316,1,0,0,0,0,0,236
16992999-e53d-43aa-ad15-7205cbc55642,304,0,304,12,0,316,0,0,0,0,0,0,236
0a23779c-b7fd-4aa8-b5c2-9573fe0df59e,297,0,297,18,1,316,0,1,0,1,7,0,236
8cf7eda0-fc2f-4e50-a4bf-bfb609b5a03e,301,0,301,15,0,316,0,2,0,2,18,0,236
20741edb-6945-4954-a626-50a57fc55445,316,0,316,0,0,316,0,0,0,0,0,0,236
ba8c604c-8479-4498-9e92-642bc660731e,300,0,300,15,1,316,0,0,0,0,0,0,236
6bac8d92-5a35-4b5e-9ec5-9136e7db0d90,316,0,316,0,0,316,0,0,0,0,0,0,236
cc773d63-dc4f-478a-90da-421dfbc41971,307,0,307,9,0,316,0,1,0,1,12,0,236
0081c90a-9d61-4ce4-87ad-2f71485d13fc,297,0,297,18,1,316,0,0,0,0,0,0,236
9ff71073-8ff0-4737-ac06-1d513824fe1e,301,0,301,15,0,316,0,1,0,1,0,0,236
fcf28e86-4dcc-4ded-b285-e50f4cb9be46,306,0,306,10,0,316,0,1,0,1,12,0,236
53285013-2b49-4c0e-a4b2-0b5f09614cad,303,0,303,12,1,316,1,0,0,0,0,0,236
e361dde5-c585-4a1a-80e1-929c9cff8cd1,303,0,303,13,0,316,0,0,0,0,0,0,236
4073f654-ab16-41d9-a184-778080bbf833,299,0,299,16,1,316,0,2,1,3,4,0,236
fb4c1e66-0d64-460b-af81-dd0a5671be15,300,0,300,13,3,316,0,1,0,1,8,0,236
cf09d029-c5ad-414a-9eb2-3ffe995d97d3,309,0,309,7,0,316,0,0,0,0,0,0,236
89e338d5-3d4a-4a80-9614-bb696b4d60f2,302,0,302,13,1,316,0,0,0,0,0,0,236
88e81fe3-46e8-4466-81dd-5b5c36411da2,300,0,300,13,3,316,2,3,0,3,29,0,236
f76d188b-d397-4ef0-8b00-484c347dadf7,316,0,316,0,0,316,0,0,0,0,0,0,236
1901ea26-0d3e-434f-80e8-578c0e83af5b,308,0,308,7,1,316,1,0,0,0,0,0,236
a52ffa06-37ed-4fa3-bd33-7852a5bc0494,303,0,303,12,1,316,0,2,0,2,25,0,236
c68a2f70-a68c-4c19-baab-9974e8d955cb,299,0,299,17,0,316,0,0,0,0,0,0,236
8ec160f3-053e-48f4-95f0-2ebc7ed5c0f0,310,0,310,6,0,316,0,0,0,0,0,0,236
8e0bc386-bddc-4269-94af-7a23e74266e4,292,0,292,21,3,316,0,1,0,1,10,0,236
8634696b-c4eb-41d6-990a-a77434d91371,303,0,303,12,1,316,0,2,0,2,21,0,236
6e6769bd-021c-44e9-9a4f-7cdb22f9e631,303,0,303,12,1,316,0,1,0,1,15,0,236
6d12a472-402a-4afd-bc1c-71373af10b2d,298,0,298,16,2,316,0,0,0,0,0,0,236
d34b1af2-283e-4e2f-ae88-40d47c7154fc,281,0,281,33,2,316,0,2,1,3,25,0,236
a50ca7cd-e25a-48f8-8d25-4a3337e3d75b,280,0,280,35,1,316,0,0,0,0,0,0,236
